model,pair_id,LD_reactive__sr=alt_reactive|do=reactive_first|bo=alt_first,LD_reactive__sr=alt_reactive|do=reactive_first|bo=dep_first,LD_reactive__sr=alt_reactive|do=stable_first|bo=alt_first,LD_reactive__sr=alt_reactive|do=stable_first|bo=dep_first,LD_reactive__sr=dep_reactive|do=reactive_first|bo=alt_first,LD_reactive__sr=dep_reactive|do=reactive_first|bo=dep_first,LD_reactive__sr=dep_reactive|do=stable_first|bo=alt_first,LD_reactive__sr=dep_reactive|do=stable_first|bo=dep_first,logit_close__sr=alt_reactive|do=reactive_first|bo=alt_first,logit_close__sr=alt_reactive|do=reactive_first|bo=dep_first,logit_close__sr=alt_reactive|do=stable_first|bo=alt_first,logit_close__sr=alt_reactive|do=stable_first|bo=dep_first,logit_close__sr=dep_reactive|do=reactive_first|bo=alt_first,logit_close__sr=dep_reactive|do=reactive_first|bo=dep_first,logit_close__sr=dep_reactive|do=stable_first|bo=alt_first,logit_close__sr=dep_reactive|do=stable_first|bo=dep_first,logit_reactive__sr=alt_reactive|do=reactive_first|bo=alt_first,logit_reactive__sr=alt_reactive|do=reactive_first|bo=dep_first,logit_reactive__sr=alt_reactive|do=stable_first|bo=alt_first,logit_reactive__sr=alt_reactive|do=stable_first|bo=dep_first,logit_reactive__sr=dep_reactive|do=reactive_first|bo=alt_first,logit_reactive__sr=dep_reactive|do=reactive_first|bo=dep_first,logit_reactive__sr=dep_reactive|do=stable_first|bo=alt_first,logit_reactive__sr=dep_reactive|do=stable_first|bo=dep_first,logit_stable__sr=alt_reactive|do=reactive_first|bo=alt_first,logit_stable__sr=alt_reactive|do=reactive_first|bo=dep_first,logit_stable__sr=alt_reactive|do=stable_first|bo=alt_first,logit_stable__sr=alt_reactive|do=stable_first|bo=dep_first,logit_stable__sr=dep_reactive|do=reactive_first|bo=alt_first,logit_stable__sr=dep_reactive|do=reactive_first|bo=dep_first,logit_stable__sr=dep_reactive|do=stable_first|bo=alt_first,logit_stable__sr=dep_reactive|do=stable_first|bo=dep_first,n_cells,mean_LD_reactive_pair,effect_state_role,effect_decl_order,effect_body_order,effect_reactive_body_pos
gemma3-1b-pt,pair_01,1.336130142211914,-0.8109550476074219,0.8193283081054688,-0.9287338256835938,0.21829795837402344,2.2619457244873047,-0.45343589782714844,1.6605682373046875,8.162782669067383,8.360812187194824,8.390152931213379,8.641183853149414,7.976949214935303,8.268684387207031,7.885340690612793,8.072011947631836,21.250186920166016,20.721111297607422,21.67787742614746,20.893264770507812,21.08371925354004,21.901866912841797,20.71255111694336,22.03614044189453,19.9140567779541,21.532066345214844,20.858549118041992,21.821998596191406,20.865421295166016,19.639921188354492,21.165987014770508,20.375572204589844,8,0.5128931999206543,0.817901611328125,0.47692298889160156,0.06562614440917969,2.013199806213379
gemma3-1b-pt,pair_02,1.5459842681884766,-1.6446418762207031,1.0973129272460938,-1.7344303131103516,-0.463958740234375,2.4899539947509766,-1.1263141632080078,2.0552940368652344,6.7461628913879395,6.9438982009887695,6.7113237380981445,7.0112481117248535,6.761845111846924,6.8906989097595215,6.653892517089844,6.867843151092529,20.01930046081543,19.020862579345703,20.168874740600586,19.154468536376953,19.03058433532715,20.71099281311035,18.489269256591797,20.569120407104492,18.473316192626953,20.665504455566406,19.071561813354492,20.888898849487305,19.494543075561523,18.221038818359375,19.615583419799805,18.513826370239258,8,0.27740001678466797,0.9226875305175781,0.40886878967285156,0.028287887573242188,3.0394725799560547
gemma3-1b-pt,pair_03,-0.13812637329101562,-2.8163414001464844,-0.7026901245117188,-2.7529029846191406,0.6660308837890625,2.7230224609375,0.78045654296875,2.453001022338867,6.885410785675049,7.114411354064941,6.643327236175537,6.975631237030029,6.243544101715088,6.502396106719971,6.2897467613220215,6.632990837097168,20.52164077758789,18.92581558227539,20.360492706298828,19.012577056884766,20.903413772583008,21.712493896484375,20.980287551879883,21.787837982177734,20.659767150878906,21.742156982421875,21.063182830810547,21.765480041503906,20.237382888793945,18.989471435546875,20.199831008911133,19.334836959838867,8,0.02655625343322754,3.2581429481506348,0.16418027877807617,-0.24972295761108398,2.1144909858703613
gemma3-1b-pt,pair_04,0.9649410247802734,-1.405172348022461,0.3002357482910156,-1.7288799285888672,-0.40220069885253906,1.6593666076660156,-0.5187873840332031,1.7957897186279297,8.871650695800781,9.085599899291992,8.878236770629883,9.267692565917969,8.326172828674316,8.684223175048828,8.086430549621582,8.505447387695312,19.796375274658203,19.11941146850586,19.694055557250977,18.853816986083984,19.534465789794922,20.710145950317383,19.162790298461914,20.719032287597656,18.83143424987793,20.52458381652832,19.39381980895996,20.58269691467285,19.93666648864746,19.050779342651367,19.681577682495117,18.923242568969727,8,0.08316159248352051,1.1007609367370605,0.24214410781860352,-0.005771160125732422,2.193843364715576
gemma3-1b-pt,pair_05,1.1183433532714844,-1.427774429321289,0.7535495758056641,-1.6003398895263672,-0.2164630889892578,2.6669273376464844,-0.11396026611328125,2.744352340698242,6.540168762207031,6.605681896209717,6.510224342346191,6.686365604400635,6.141811847686768,6.283020973205566,6.338746070861816,6.496057033538818,20.587989807128906,19.15764808654785,20.784658432006836,19.2587947845459,20.264616012573242,20.989490509033203,20.271121978759766,21.17162322998047,19.469646453857422,20.58542251586914,20.031108856201172,20.859134674072266,20.4810791015625,18.32256317138672,20.385082244873047,18.427270889282227,8,0.49057936668395996,1.5592694282531738,0.08935785293579102,0.21042394638061523,2.6604275703430176
gemma3-1b-pt,pair_06,2.481985092163086,0.5587787628173828,1.9116230010986328,0.293365478515625,-0.7066078186035156,0.8549900054931641,-1.525594711303711,0.28603172302246094,8.13381290435791,8.209705352783203,8.133281707763672,8.3766450881958,8.020129203796387,8.12877082824707,7.990329742431641,8.112136840820312,20.977121353149414,20.143407821655273,21.000938415527344,20.1818790435791,19.72506332397461,20.329341888427734,19.125499725341797,20.172523498535156,18.495136260986328,19.58462905883789,19.08931541442871,19.888513565063477,20.431671142578125,19.47435188293457,20.651094436645508,19.886491775512695,8,0.5193214416503906,-1.584233283996582,0.5559301376342773,-0.042059898376464844,1.7286720275878906
gemma3-1b-pt,pair_07,1.4889488220214844,-1.4074344635009766,0.07175636291503906,-2.068094253540039,1.013223648071289,3.0731029510498047,1.0254478454589844,2.419393539428711,7.540219783782959,7.497089862823486,7.7269511222839355,7.9613776206970215,7.150937080383301,7.185915470123291,7.012273788452148,7.118106842041016,20.32525062561035,19.593015670776367,20.183670043945312,19.293216705322266,20.558841705322266,21.37493896484375,20.433237075805664,21.416900634765625,18.836301803588867,21.000450134277344,20.111913681030273,21.361310958862305,19.545618057250977,18.301836013793945,19.40778923034668,18.997507095336914,8,0.7020430564880371,2.3614978790283203,0.6798343658447266,-0.3956022262573242,2.1225147247314453
gemma3-1b-pt,pair_08,3.0196075439453125,0.0728912353515625,1.4313240051269531,-1.08502197265625,0.087738037109375,1.7993106842041016,-0.7348213195800781,1.0198841094970703,7.655745029449463,7.943829536437988,7.756988525390625,8.148426055908203,7.284320831298828,7.544675350189209,7.329677104949951,7.670821666717529,20.84320640563965,19.923675537109375,20.62995147705078,19.46904182434082,19.897417068481445,20.58427619934082,19.53852653503418,20.65424919128418,17.823598861694336,19.850784301757812,19.198627471923828,20.55406379699707,19.80967903137207,18.78496551513672,20.273347854614258,19.63436508178711,8,0.7013640403747559,-0.31667232513427734,1.087045669555664,-0.49919605255126953,2.232335090637207
gemma3-1b-pt,pair_09,1.3234119415283203,-1.5341434478759766,1.3844528198242188,-1.6329402923583984,-0.8012962341308594,1.5580005645751953,-1.0766620635986328,1.8483295440673828,8.050414085388184,7.922796726226807,8.290811538696289,8.241230964660645,7.614391326904297,7.631280422210693,7.531965732574463,7.601043224334717,20.40854263305664,18.883378982543945,20.622650146484375,18.87556266784668,19.48134422302246,20.443479537963867,19.393177032470703,20.63590431213379,19.08513069152832,20.417522430419922,19.238197326660156,20.508502960205078,20.28264045715332,18.885478973388672,20.469839096069336,18.787574768066406,8,0.13364410400390625,0.49689769744873047,0.005698204040527344,-0.14766502380371094,2.789809226989746
gemma3-1b-pt,pair_10,1.4158592224121094,0.025274276733398438,0.8926296234130859,-0.7894363403320312,0.2519950866699219,1.7420616149902344,-0.48465919494628906,1.0872745513916016,7.986538887023926,7.906237602233887,7.969067096710205,8.05827522277832,7.455070495605469,7.480854034423828,7.315546035766602,7.323472499847412,20.706113815307617,20.186573028564453,20.570268630981445,19.886857986450195,19.713008880615234,20.493572235107422,19.34919548034668,20.503843307495117,19.290254592895508,20.161298751831055,19.67763900756836,20.676294326782227,19.461013793945312,18.751510620117188,19.83385467529297,19.416568756103516,8,0.5176248550415039,0.26308631896972656,0.6823453903198242,-0.00266265869140625,1.5336627960205078
gemma3-1b-pt,pair_11,0.27330780029296875,-1.6117897033691406,-0.7992877960205078,-2.2897472381591797,1.0744819641113281,2.6884994506835938,0.8952217102050781,2.2203407287597656,7.962072372436523,8.023313522338867,7.919649600982666,8.070286750793457,7.813755512237549,8.000171661376953,8.131099700927734,8.334789276123047,20.887042999267578,20.17597007751465,20.998817443847656,20.214458465576172,21.70717430114746,22.386533737182617,21.74066734313965,22.509414672851562,20.61373519897461,21.78775978088379,21.798105239868164,22.50420570373535,20.632692337036133,19.698034286499023,20.84544563293457,20.289073944091797,8,0.3063783645629883,2.8265151977539062,0.5994930267333984,-0.10910511016845703,1.5786733627319336
gemma3-1b-pt,pair_12,1.3951492309570312,-1.9345016479492188,0.4907341003417969,-2.504304885864258,-0.14122581481933594,1.561727523803711,-0.61029052734375,1.3189315795898438,9.095221519470215,9.494650840759277,9.271036148071289,9.826821327209473,8.89065170288086,8.998663902282715,8.670527458190918,8.852079391479492,19.75748634338379,18.46900177001953,19.482757568359375,18.097206115722656,19.708555221557617,20.58914566040039,19.323265075683594,20.575462341308594,18.362337112426758,20.40350341796875,18.992023468017578,20.601511001586914,19.849781036376953,19.02741813659668,19.933555603027344,19.25653076171875,8,-0.05297255516052246,1.1705164909362793,0.5465197563171387,-0.673128604888916,2.4892163276672363
gemma3-1b-pt,pair_13,2.387979507446289,-0.5133476257324219,1.386514663696289,-0.9800796508789062,-0.2668037414550781,3.1328296661376953,-1.2662086486816406,1.8027172088623047,7.979772090911865,8.109060287475586,7.981472015380859,8.073554992675781,7.909724712371826,7.959291934967041,7.901815414428711,7.900522232055664,20.802326202392578,19.80916404724121,20.738107681274414,19.60707664489746,19.62644386291504,21.01717185974121,18.898334503173828,20.656015396118164,18.41434669494629,20.322511672973633,19.351593017578125,20.587156295776367,19.893247604370117,17.884342193603516,20.16454315185547,18.85329818725586,8,0.7104501724243164,0.2803668975830078,0.9494285583496094,0.3001594543457031,2.9341201782226562
gemma3-1b-pt,pair_14,-0.7577610015869141,-2.924337387084961,-0.7149810791015625,-3.1950435638427734,0.49156951904296875,2.4072799682617188,0.2516517639160156,2.267017364501953,7.053565502166748,7.212658405303955,7.028452396392822,7.300599098205566,6.63941764831543,6.840789794921875,6.687225341796875,6.802611351013184,19.978403091430664,18.72831153869629,20.195167541503906,18.636844635009766,20.604236602783203,21.52956199645996,20.525665283203125,21.51123046875,20.736164093017578,21.65264892578125,20.91014862060547,21.83188819885254,20.112667083740234,19.122282028198242,20.27401351928711,19.244213104248047,8,-0.27182555198669434,3.252410411834717,0.15202665328979492,-0.17889070510864258,2.1444287300109863
gemma3-1b-pt,pair_15,0.8858051300048828,-2.283802032470703,0.4696636199951172,-1.8612384796142578,0.6046276092529297,1.916646957397461,0.11622810363769531,2.6681079864501953,8.063970565795898,8.272360801696777,8.023995399475098,8.301419258117676,7.786643028259277,7.774388790130615,7.785342216491699,7.88178825378418,21.394710540771484,19.661487579345703,21.36319351196289,20.054800033569336,21.648757934570312,22.11176109313965,21.352031707763672,22.411102294921875,20.5089054107666,21.945289611816406,20.893529891967773,21.916038513183594,21.044130325317383,20.195114135742188,21.235803604125977,19.74299430847168,8,0.31450486183166504,2.0237956047058105,-0.06737089157104492,-0.4091525077819824,2.341102123260498
gemma3-1b-pt,pair_16,2.740602493286133,-1.462045669555664,1.3117942810058594,-1.3773841857910156,0.11907958984375,3.7483959197998047,0.44110679626464844,3.8849849700927734,8.090989112854004,8.112571716308594,8.401429176330566,8.453924179077148,8.227287292480469,8.317418098449707,8.314702987670898,8.426656723022461,21.171072006225586,19.243587493896484,21.352069854736328,19.65534019470215,20.481185913085938,21.437795639038086,20.700603485107422,21.783117294311523,18.430469512939453,20.70563316345215,20.04027557373047,21.032724380493164,20.362106323242188,17.68939971923828,20.259496688842773,17.89813232421875,8,1.1758167743682861,1.745150089263916,0.22138261795043945,0.04534196853637695,3.491255283355713
gemma3-1b-pt,pair_17,2.0429744720458984,-0.08840370178222656,1.0022621154785156,-0.5374526977539062,-0.44632720947265625,1.195627212524414,-0.7312908172607422,1.1488323211669922,7.512831211090088,7.59193229675293,7.668637752532959,7.732015609741211,7.41107177734375,7.534464359283447,7.337671279907227,7.494677543640137,21.06484603881836,20.408323287963867,20.83778190612793,20.105220794677734,19.916912078857422,20.76236343383789,19.763837814331055,21.02780532836914,19.02187156677246,20.496726989746094,19.835519790649414,20.64267349243164,20.363239288330078,19.566736221313477,20.495128631591797,19.87897300720215,8,0.44827771186828613,-0.31313467025756836,0.4553799629211426,-0.03725385665893555,1.798292636871338
gemma3-1b-pt,pair_18,2.4095287322998047,-0.5071086883544922,1.5233078002929688,-1.0897178649902344,-1.717214584350586,0.8450050354003906,-2.1595020294189453,0.3189983367919922,7.673089981079102,7.676059246063232,7.6950764656066895,7.863377571105957,7.3356404304504395,7.355599880218506,7.299805641174316,7.410899639129639,20.98148536682129,20.005338668823242,21.011850357055664,19.80375862121582,19.236740112304688,20.52151870727539,18.90372657775879,20.35123062133789,18.571956634521484,20.512447357177734,19.488542556762695,20.893476486206055,20.953954696655273,19.676513671875,21.063228607177734,20.0322322845459,8,-0.047087907791137695,-1.2621808052062988,0.609281063079834,-0.12223577499389648,2.6425957679748535
gemma3-1b-pt,pair_19,1.9754467010498047,-0.3409156799316406,1.5873985290527344,-0.6343421936035156,-0.9501781463623047,0.6959133148193359,-1.0793228149414062,0.8162918090820312,8.289077758789062,8.561134338378906,8.381190299987793,8.837786674499512,7.97266960144043,8.197454452514648,7.878118515014648,8.134069442749023,19.5909481048584,18.889528274536133,19.53746223449707,18.66504669189453,18.80467414855957,19.623868942260742,18.322513580322266,19.554475784301758,17.615501403808594,19.230443954467773,17.950063705444336,19.299388885498047,19.754852294921875,18.927955627441406,19.401836395263672,18.738183975219727,8,0.2587864398956299,-0.7762207984924316,0.1725602149963379,-0.2490992546081543,2.0199522972106934
gemma3-1b-pt,pair_20,0.7107658386230469,-2.476011276245117,-0.031030654907226562,-2.572826385498047,1.2728996276855469,3.1351375579833984,0.930023193359375,2.868478775024414,7.531317710876465,7.613583564758301,7.736157417297363,7.914388656616211,7.126529693603516,7.162224292755127,7.1114888191223145,7.203706741333008,20.087120056152344,18.731155395507812,20.05234718322754,18.75855827331543,20.45701026916504,21.184200286865234,20.21588706970215,21.38372039794922,19.376354217529297,21.20716667175293,20.083377838134766,21.331384658813477,19.184110641479492,18.049062728881836,19.285863876342773,18.515241622924805,8,0.47967958450317383,3.1439104080200195,0.36203670501708984,-0.48196983337402344,2.3823165893554688
gemma3-1b-pt,pair_21,1.5449295043945312,-1.2208003997802734,0.07598495483398438,-2.101787567138672,0.4903278350830078,2.2779788970947266,0.6678485870361328,1.8109779357910156,7.3364644050598145,7.429421424865723,7.37739896774292,7.731195449829102,6.86433744430542,7.167050361633301,7.041183948516846,7.315557956695557,20.92531967163086,19.568300247192383,20.6076602935791,19.20490074157715,20.587820053100586,21.16697120666504,20.82759666442871,21.383541107177734,19.380390167236328,20.789100646972656,20.531675338745117,21.30668830871582,20.097492218017578,18.888992309570312,20.159748077392578,19.57256317138672,8,0.44318246841430664,1.7372016906738281,0.6598529815673828,-0.5031805038452148,1.9685707092285156
gemma3-1b-pt,pair_22,1.068939208984375,-1.5923137664794922,0.6871299743652344,-1.9841747283935547,-0.34272193908691406,1.9955635070800781,-0.41615867614746094,2.5639514923095703,7.198958873748779,7.203662395477295,7.26016902923584,7.366925239562988,6.921158313751221,7.031691551208496,6.914489269256592,7.034674644470215,19.85631561279297,18.89768409729004,20.177217483520508,18.860994338989258,19.493986129760742,20.51410675048828,19.5813045501709,20.92320442199707,18.787376403808594,20.48999786376953,19.490087509155273,20.845169067382812,19.836708068847656,18.518543243408203,19.99746322631836,18.3592529296875,8,0.2475268840789795,1.4052634239196777,0.06967973709106445,-0.003540515899658203,2.66273832321167
gemma3-1b-pt,pair_23,1.2432384490966797,-0.6503162384033203,0.9464569091796875,-1.1710376739501953,0.451904296875,2.1590614318847656,-0.05639457702636719,2.0493907928466797,7.234574317932129,7.232848644256592,7.283025741577148,7.350407123565674,6.507652759552002,6.594302654266357,6.484349250793457,6.629406452178955,21.543296813964844,20.592531204223633,21.467683792114258,20.142166137695312,21.154375076293945,21.461320877075195,20.867321014404297,21.690046310424805,20.300058364868164,21.242847442626953,20.52122688293457,21.313203811645508,20.702470779418945,19.30225944519043,20.923715591430664,19.640655517578125,8,0.6215379238128662,1.0589051246643066,0.3588681221008301,-0.04952669143676758,1.9559979438781738
gemma3-1b-pt,pair_24,1.8368644714355469,-0.44605064392089844,0.8275489807128906,-0.9384822845458984,0.12041473388671875,1.6217174530029297,0.16481590270996094,1.5966434478759766,6.998676776885986,7.0209431648254395,7.041306018829346,7.146590709686279,6.602039337158203,6.683633804321289,6.537619113922119,6.607487678527832,20.682815551757812,19.96259117126465,20.55442237854004,19.769630432128906,19.82477378845215,20.674903869628906,19.79376983642578,20.933902740478516,18.845951080322266,20.408641815185547,19.72687339782715,20.708112716674805,19.70435905456543,19.053186416625977,19.62895393371582,19.33725929260254,8,0.5979340076446533,0.5559277534484863,0.3706049919128418,-0.27895402908325195,1.7455191612243652
gemma3-1b-pt,pair_25,1.5269966125488281,-0.7504253387451172,-0.043811798095703125,-2.072732925415039,0.9214878082275391,2.903951644897461,0.49865150451660156,2.3208255767822266,8.794483184814453,9.018527030944824,8.926427841186523,9.34870719909668,8.56717300415039,8.95328426361084,8.391737937927246,8.9072904586792,19.871376037597656,19.299699783325195,19.683683395385742,18.954044342041016,20.44277000427246,21.577110290527344,19.983888626098633,21.361364364624023,18.344379425048828,20.050125122070312,19.727495193481445,21.026777267456055,19.521282196044922,18.673158645629883,19.48523712158203,19.040538787841797,8,0.6631178855895996,1.9962224960327148,0.9747695922851562,-0.1254262924194336,2.027745246887207
gemma3-1b-pt,pair_26,1.5713977813720703,-0.9871902465820312,0.5019683837890625,-1.8466320037841797,0.3178138732910156,1.9005146026611328,-0.19173240661621094,1.4790725708007812,8.009350776672363,8.39173698425293,8.174369812011719,8.545856475830078,7.770495891571045,7.94993257522583,7.833652019500732,8.031794548034668,20.580209732055664,19.677696228027344,20.527929306030273,19.383991241455078,20.360891342163086,21.15361785888672,20.084501266479492,21.25502586364746,19.008811950683594,20.664886474609375,20.02596092224121,21.230623245239258,20.04307746887207,19.253103256225586,20.276233673095703,19.77595329284668,8,0.3431515693664551,1.0665311813354492,0.7149648666381836,-0.4134206771850586,2.0401735305786133
gemma3-1b-pt,pair_27,1.3955516815185547,-1.7924079895019531,0.9159011840820312,-1.696676254272461,-0.3719215393066406,2.5527896881103516,-0.6485118865966797,1.7611045837402344,7.6437087059021,7.659451007843018,7.4876203536987305,7.462399005889893,7.362625598907471,7.395768642425537,7.506980895996094,7.493803024291992,20.650617599487305,19.237459182739258,20.786426544189453,19.288267135620117,19.975582122802734,21.19198989868164,19.55990219116211,20.926000595092773,19.25506591796875,21.02986717224121,19.870525360107422,20.984943389892578,20.347503662109375,18.63920021057129,20.20841407775879,19.16489601135254,8,0.2644786834716797,1.1177730560302734,0.3630485534667969,-0.11655235290527344,2.7837162017822266
gemma3-1b-pt,pair_28,0.9959220886230469,-2.2263126373291016,0.2188739776611328,-2.646158218383789,-0.5683803558349609,2.372220993041992,-0.8104057312011719,1.7518653869628906,7.625792503356934,7.526978015899658,7.52714204788208,7.545950412750244,6.92510986328125,6.890869617462158,6.896367073059082,6.900566577911377,20.528417587280273,18.809223175048828,20.515382766723633,18.704431533813477,19.80461311340332,21.043855667114258,19.730506896972656,20.913524627685547,19.532495498657227,21.03553581237793,20.2965087890625,21.350589752197266,20.37299346923828,18.671634674072266,20.540912628173828,19.161659240722656,8,-0.11404681205749512,1.6007437705993652,0.5148186683654785,-0.14609861373901367,2.8975348472595215
gemma3-1b-pt,pair_29,0.9914283752441406,-1.6030426025390625,1.0021305084228516,-1.6774730682373047,-0.6273727416992188,2.0579891204833984,-0.1291370391845703,3.000223159790039,7.7878828048706055,7.755988597869873,7.958096027374268,7.982559680938721,7.674148082733154,7.759530067443848,7.571114540100098,7.72134256362915,20.268522262573242,18.94447898864746,20.639856338500977,19.034259796142578,19.56021499633789,20.48872947692871,19.950084686279297,20.994976043701172,19.2770938873291,20.547521591186523,19.637725830078125,20.711732864379883,20.18758773803711,18.430740356445312,20.079221725463867,17.994752883911133,8,0.3768432140350342,1.3971648216247559,-0.34418535232543945,0.1351618766784668,2.7721991539001465
gemma3-1b-pt,pair_30,0.0041942596435546875,-2.1686859130859375,0.1573333740234375,-2.361825942993164,-0.3967761993408203,1.5478515625,-1.0719032287597656,1.4846687316894531,7.175375461578369,7.410465717315674,7.221835613250732,7.614892959594727,7.104600429534912,7.343573093414307,7.152018070220947,7.361202239990234,19.786535263061523,19.03083038330078,20.00248908996582,19.001619338989258,19.611740112304688,20.80394172668457,19.021438598632812,20.75984001159668,19.78234100341797,21.19951629638672,19.845155715942383,21.363445281982422,20.008516311645508,19.25609016418457,20.093341827392578,19.275171279907227,8,-0.3506429195404053,1.4832062721252441,0.19457769393920898,-0.04770994186401367,2.298309803009033
gemma3-1b-pt,pair_31,1.892965316772461,-0.4104900360107422,1.108713150024414,-1.388681411743164,0.2427349090576172,2.0470008850097656,-0.452423095703125,1.5527362823486328,7.186659812927246,7.2067413330078125,7.192278861999512,7.296809196472168,6.550626754760742,6.583553791046143,6.4712090492248535,6.593100547790527,20.893766403198242,20.127086639404297,20.6376953125,19.362712860107422,20.088001251220703,20.75225257873535,19.835613250732422,21.02866554260254,19.00080108642578,20.53757667541504,19.528982162475586,20.751394271850586,19.845266342163086,18.705251693725586,20.288036346435547,19.475929260253906,8,0.5740694999694824,0.5468854904174805,0.7379665374755859,-0.24785614013671875,2.152568817138672
gemma3-1b-pt,pair_32,1.3628196716308594,-2.0234737396240234,0.47670555114746094,-1.8797187805175781,0.6908035278320312,2.147348403930664,0.12288856506347656,2.8044071197509766,8.108521461486816,8.223078727722168,8.207518577575684,8.427334785461426,7.7404279708862305,7.849114894866943,7.853116035461426,7.94177770614624,21.65541648864746,19.897350311279297,21.562631607055664,20.223207473754883,21.67474937438965,22.107158660888672,21.44520378112793,22.458086013793945,20.2925968170166,21.92082405090332,21.085926055908203,22.10292625427246,20.983945846557617,19.959810256958008,21.322315216064453,19.65367889404297,8,0.4627225399017334,1.9572787284851074,0.16330385208129883,-0.40116357803344727,2.4701952934265137
gemma3-1b-pt,pair_33,1.8266429901123047,-0.3444080352783203,0.8880767822265625,-1.13116455078125,0.012571334838867188,2.17169189453125,-0.6080036163330078,1.8454265594482422,8.063454627990723,8.286731719970703,8.294496536254883,8.400924682617188,7.908714294433594,8.134431838989258,7.855287075042725,8.169239044189453,21.001922607421875,20.379106521606445,20.90211296081543,19.973758697509766,20.21808624267578,21.19805145263672,19.86884880065918,21.353784561157227,19.17527961730957,20.723514556884766,20.014036178588867,21.104923248291016,20.205514907836914,19.02635955810547,20.476852416992188,19.508358001708984,8,0.582604169845581,0.5456347465515137,0.6680407524108887,0.10556459426879883,2.2007107734680176
gemma3-1b-pt,pair_34,0.4342975616455078,-1.6623973846435547,0.04963493347167969,-1.9268798828125,0.7628421783447266,2.348957061767578,0.5387687683105469,2.3978099822998047,8.231284141540527,8.597833633422852,7.991204261779785,8.65606689453125,7.867753982543945,8.308897018432617,7.697569847106934,8.207684516906738,19.34048080444336,18.53980827331543,19.231618881225586,18.407146453857422,20.151073455810547,20.828052520751953,19.809995651245117,20.82481575012207,18.90618324279785,20.202205657958984,19.181983947753906,20.334026336669922,19.38823127746582,18.479095458984375,19.27122688293457,18.427005767822266,8,0.36787915229797363,2.288430690765381,0.20609140396118164,-0.1570134162902832,1.879591464996338
gemma3-1b-pt,pair_35,1.3139629364013672,-0.9070281982421875,1.1012802124023438,-0.8122119903564453,-0.09067916870117188,0.9792633056640625,-0.1334095001220703,1.2085113525390625,7.3495306968688965,7.490505218505859,7.369912147521973,7.560408115386963,7.4364118576049805,7.493546485900879,7.496282577514648,7.644932270050049,20.4421443939209,19.097604751586914,20.413616180419922,19.123863220214844,20.22093963623047,20.496774673461914,20.074384689331055,20.706497192382812,19.12818145751953,20.0046329498291,19.312335968017578,19.93607521057129,20.31161880493164,19.51751136779785,20.207794189453125,19.49798583984375,8,0.3324611186981201,0.31692075729370117,-0.017162799835205078,-0.43065500259399414,1.6365866661071777
gemma3-1b-pt,pair_36,2.6175918579101562,-0.08356666564941406,1.3847179412841797,-0.5333843231201172,-0.6057147979736328,1.9624691009521484,-0.16595077514648438,1.3955917358398438,8.500740051269531,8.819620132446289,8.870050430297852,9.166707038879395,8.425686836242676,8.694669723510742,8.457676887512207,8.795652389526367,21.571826934814453,20.71393585205078,21.763063430786133,20.56788444519043,20.520700454711914,21.20427703857422,20.869991302490234,21.432300567626953,18.954235076904297,20.797502517700195,20.378345489501953,21.101268768310547,21.126415252685547,19.24180793762207,21.03594207763672,20.03670883178711,8,0.746469259262085,-0.19974088668823242,0.452451229095459,-0.12238359451293945,2.187246799468994
gemma3-1b-pt,pair_37,1.093912124633789,-2.1127758026123047,0.49519920349121094,-2.2683677673339844,0.5948276519775391,2.5110511779785156,0.05583381652832031,1.7261676788330078,7.608191013336182,7.537101745605469,7.81941556930542,7.864770412445068,6.976053237915039,6.957479000091553,6.904833793640137,6.909630298614502,20.741657257080078,19.244943618774414,20.66568946838379,19.120336532592773,20.530012130737305,21.245624542236328,20.18479347229004,21.19413185119629,19.64774513244629,21.35771942138672,20.170490264892578,21.388704299926758,19.935184478759766,18.734573364257812,20.12895965576172,19.46796417236328,8,0.2619810104370117,1.919978141784668,0.5195455551147461,-0.5959243774414062,2.3892030715942383
gemma3-1b-pt,pair_38,0.6311817169189453,-0.6768150329589844,0.02805328369140625,-1.3032093048095703,0.4868812561035156,1.8564167022705078,-0.03278160095214844,1.1766796112060547,7.808507919311523,8.020769119262695,7.87977409362793,8.138628005981445,7.705435276031494,8.031878471374512,7.704864501953125,8.00412368774414,20.67734718322754,20.27565574645996,20.796117782592773,20.10738182067871,20.736833572387695,21.52611541748047,20.48202133178711,21.480602264404297,20.046165466308594,20.952470779418945,20.768064498901367,21.41059112548828,20.24995231628418,19.66969871520996,20.514802932739258,20.303922653198242,8,0.2708008289337158,1.2019963264465332,0.6072306632995605,-0.015065670013427734,1.3045639991760254
gemma3-1b-pt,pair_39,1.5840778350830078,-0.8546276092529297,1.029876708984375,-1.2390365600585938,0.32684898376464844,2.318929672241211,0.2552986145019531,2.488546371459961,7.343060493469238,7.412202835083008,7.293703556060791,7.475097179412842,6.989226341247559,7.069750785827637,6.95637321472168,7.028704643249512,21.355588912963867,20.15787696838379,21.319236755371094,20.108055114746094,20.602375030517578,21.405120849609375,20.414857864379883,21.445173263549805,19.77151107788086,21.01250457763672,20.28936004638672,21.347091674804688,20.27552604675293,19.086191177368164,20.15955924987793,18.956626892089844,8,0.7387392520904541,1.2173333168029785,0.21013593673706055,-0.12057256698608398,2.233236789703369
gemma3-1b-pt,pair_40,1.704080581665039,-1.0509624481201172,0.2648029327392578,-1.7651996612548828,-0.0001735687255859375,1.5244426727294922,-0.2245655059814453,1.08331298828125,7.439150333404541,7.782235622406006,7.699158191680908,8.113484382629395,7.302849769592285,7.381258010864258,7.193486213684082,7.350848197937012,20.96586036682129,19.902860641479492,20.588945388793945,19.456695556640625,20.30289077758789,21.004600524902344,20.27549934387207,21.139095306396484,19.26177978515625,20.95382308959961,20.324142456054688,21.221895217895508,20.303064346313477,19.48015785217285,20.500064849853516,20.055782318115234,8,0.19196724891662598,0.8075737953186035,0.7047591209411621,-0.48813772201538086,1.9043850898742676
gemma3-1b-pt,pair_41,-0.12091255187988281,-3.2109737396240234,-0.4408226013183594,-3.734691619873047,0.24360084533691406,2.659496307373047,0.3372478485107422,2.7756404876708984,7.965465068817139,8.102194786071777,7.994789123535156,8.249202728271484,7.398650169372559,7.6112961769104,7.245397567749023,7.518815517425537,18.955066680908203,17.514461517333984,19.009593963623047,17.19851303100586,19.501747131347656,20.72920036315918,19.345094680786133,20.677478790283203,19.075979232788086,20.725435256958008,19.450416564941406,20.933204650878906,19.258146286010742,18.069704055786133,19.00784683227539,17.901838302612305,8,-0.18642687797546387,3.3808465003967285,0.15845918655395508,-0.38241052627563477,2.8095545768737793
gemma3-1b-pt,pair_42,0.5182914733886719,-1.5128116607666016,0.2179279327392578,-1.9975261688232422,0.8302879333496094,2.311840057373047,0.5164947509765625,2.210397720336914,7.272523403167725,7.193673133850098,7.309537887573242,7.24114465713501,6.614716529846191,6.639804840087891,6.667313575744629,6.780383586883545,20.254369735717773,19.166242599487305,20.195924758911133,18.707548141479492,20.420766830444336,20.816814422607422,20.271934509277344,21.09357261657715,19.7360782623291,20.679054260253906,19.977996826171875,20.705074310302734,19.590478897094727,18.504974365234375,19.75543975830078,18.883174896240234,8,0.38686275482177734,2.1607847213745117,0.3000783920288086,-0.2677755355834961,1.8555030822753906
gemma3-1b-pt,pair_43,1.864389419555664,-0.11475181579589844,1.3583488464355469,-0.4427375793457031,-0.5345420837402344,2.7364444732666016,-1.1841068267822266,1.4810218811035156,7.810769081115723,7.836874961853027,7.940003871917725,7.952088832855225,7.727500915527344,7.8964128494262695,7.774539947509766,7.771413803100586,20.602832794189453,20.048118591308594,20.95867347717285,20.064687728881836,19.409305572509766,20.87932777404785,18.976238250732422,20.52988624572754,18.73844337463379,20.162870407104492,19.600324630737305,20.50742530822754,19.94384765625,18.14288330078125,20.16034507751465,19.048864364624023,8,0.6455082893371582,-0.04160785675048828,0.68475341796875,0.5389719009399414,2.4290857315063477
gemma3-1b-pt,pair_44,1.5039920806884766,-1.3077220916748047,1.4145336151123047,-1.4915657043457031,-1.5518226623535156,1.0034751892089844,-1.4633522033691406,1.673431396484375,7.881499767303467,8.015059471130371,7.981015205383301,8.208526611328125,7.675210475921631,7.784790992736816,7.723123073577881,7.909651279449463,20.470951080322266,19.331329345703125,20.69131851196289,19.257490158081055,18.92378807067871,20.418006896972656,19.04822540283203,20.68046760559082,18.96695899963379,20.63905143737793,19.276784896850586,20.749055862426758,20.475610733032227,19.414531707763672,20.511577606201172,19.007036209106445,8,-0.02737879753112793,-0.11437654495239258,-0.12128114700317383,-0.006433010101318359,2.852473735809326
gemma3-1b-pt,pair_45,1.1161155700683594,-2.0406322479248047,0.08488845825195312,-2.5257434844970703,0.11443519592285156,3.7345104217529297,0.07091331481933594,3.3954544067382812,6.749327659606934,6.695301055908203,6.753661155700684,6.831682205200195,6.725207805633545,6.702844619750977,6.62701940536499,6.686055660247803,20.067855834960938,18.554092407226562,19.957847595214844,18.36894989013672,19.596446990966797,20.684343338012695,19.689796447753906,20.997806549072266,18.951740264892578,20.594724655151367,19.87295913696289,20.89469337463379,19.482011795043945,16.949832916259766,19.61888313293457,17.602352142333984,8,0.4937427043914795,2.6701712608337402,0.474729061126709,0.294309139251709,3.1779990196228027
llama3.2-1b,pair_01,1.770233154296875,-0.5128135681152344,1.5093021392822266,-0.8203201293945312,0.08344268798828125,2.12860107421875,-0.216644287109375,1.578725814819336,12.531299591064453,12.5801362991333,12.857705116271973,12.831999778747559,12.245904922485352,12.353182792663574,12.116522789001465,12.167810440063477,27.131881713867188,25.98929214477539,27.312034606933594,25.97100067138672,25.89632225036621,26.24774932861328,25.83453369140625,26.298126220703125,25.361648559570312,26.502105712890625,25.802732467651367,26.79132080078125,25.81287956237793,24.11914825439453,26.051177978515625,24.71940040588379,8,0.690065860748291,0.40693092346191406,0.3545999526977539,-0.19303512573242188,2.1132993698120117
llama3.2-1b,pair_02,2.0118770599365234,-0.8326148986816406,0.9974555969238281,-2.663393020629883,0.9883842468261719,3.9674301147460938,-0.2559089660644531,2.9151039123535156,12.398598670959473,12.474778175354004,12.564363479614258,12.461660385131836,12.440138816833496,12.201364517211914,12.581276893615723,12.330255508422852,26.767154693603516,25.69228172302246,26.732624053955078,24.511619567871094,25.729881286621094,26.466947555541992,25.11064338684082,26.50616455078125,24.755277633666992,26.5248966217041,25.73516845703125,27.175012588500977,24.741497039794922,22.4995174407959,25.366552352905273,23.591060638427734,8,0.8910417556762695,2.025421142578125,1.2854547500610352,-0.0888204574584961,3.1638498306274414
llama3.2-1b,pair_03,1.3958377838134766,-0.8721904754638672,0.17113494873046875,-1.3133907318115234,2.0128822326660156,3.580106735229492,1.2723445892333984,3.0225753784179688,13.551777839660645,13.477019309997559,13.520414352416992,13.458718299865723,13.670907974243164,13.50102710723877,13.739336013793945,13.621479034423828,26.161821365356445,25.359987258911133,25.94424057006836,25.056163787841797,26.821361541748047,27.04961395263672,26.52592658996582,27.093229293823242,24.76598358154297,26.232177734375,25.77310562133789,26.36955451965332,24.80847930908203,23.469507217407227,25.253582000732422,24.070653915405273,8,1.1586625576019287,2.62662935256958,0.7409930229187012,-0.10877466201782227,1.7675023078918457
llama3.2-1b,pair_04,3.1597766876220703,0.10720252990722656,1.3691520690917969,-1.072916030883789,0.7490329742431641,2.833578109741211,0.1918773651123047,2.1036758422851562,12.645814895629883,12.377705574035645,12.584707260131836,12.260350227355957,12.527512550354004,12.383389472961426,12.804454803466797,12.679152488708496,26.50829315185547,25.92292594909668,26.2459659576416,25.290996551513672,26.468931198120117,27.127763748168945,26.098318099975586,27.02566909790039,23.3485164642334,25.815723419189453,24.876813888549805,26.36391258239746,25.719898223876953,24.294185638427734,25.90644073486328,24.921993255615234,8,1.1801724433898926,0.5787372589111328,1.0644502639770508,-0.3745746612548828,2.372746467590332
llama3.2-1b,pair_05,1.7061729431152344,-0.06786727905273438,1.0662517547607422,-0.9214553833007812,0.6053066253662109,2.8500289916992188,0.04694938659667969,2.0379371643066406,13.575721740722656,13.46572208404541,13.686408042907715,13.533708572387695,12.962095260620117,12.765705108642578,13.030977249145508,12.942512512207031,26.64031219482422,25.99730110168457,26.57610321044922,25.61450958251953,26.19002342224121,26.908594131469727,25.91864776611328,26.774168014526367,24.934139251708984,26.065168380737305,25.509851455688477,26.535964965820312,25.584716796875,24.058565139770508,25.8716983795166,24.736230850219727,8,0.9154155254364014,0.9392800331115723,0.7159895896911621,0.11849069595336914,1.9993643760681152
llama3.2-1b,pair_06,2.9957542419433594,0.3690471649169922,1.8169097900390625,-0.45375823974609375,0.5437374114990234,3.738658905029297,-0.5589332580566406,2.734050750732422,13.158130645751953,13.076004028320312,13.264460563659668,13.132133483886719,12.843255996704102,12.645219802856445,12.910252571105957,12.846244812011719,26.584835052490234,25.821706771850586,26.33935546875,25.160396575927734,25.705472946166992,26.51340675354004,25.180843353271484,26.552127838134766,23.589080810546875,25.452659606933594,24.522445678710938,25.614154815673828,25.16173553466797,22.774747848510742,25.739776611328125,23.818077087402344,8,1.3981833457946777,0.4323902130126953,1.0272321701049805,0.3976325988769531,2.846320152282715
llama3.2-1b,pair_07,3.2111148834228516,-0.16853904724121094,2.077342987060547,-0.6589450836181641,-0.514404296875,2.647327423095703,-0.9707794189453125,1.6648731231689453,13.222187995910645,13.256020545959473,13.3106689453125,13.23542308807373,12.491019248962402,12.579072952270508,12.469396591186523,12.504195213317871,27.10614776611328,25.722089767456055,27.13262939453125,25.404399871826172,25.398452758789062,25.97588348388672,25.230810165405273,26.143312454223633,23.89503288269043,25.890628814697266,25.055286407470703,26.063344955444336,25.912857055664062,23.328556060791016,26.201589584350586,24.478439331054688,8,0.9109988212585449,-0.4084892272949219,0.765751838684082,-0.07963943481445312,2.9783315658569336
llama3.2-1b,pair_08,3.86956787109375,0.39116859436035156,2.710123062133789,-0.2771167755126953,-0.2857532501220703,2.5546340942382812,-1.7401962280273438,1.1424236297607422,13.720423698425293,13.306268692016602,13.66146469116211,13.147455215454102,12.24251937866211,11.72776985168457,12.712733268737793,12.057186126708984,26.9088191986084,25.89405632019043,26.88745880126953,25.637544631958008,25.028779983520508,25.836702346801758,24.160675048828125,25.642560958862305,23.03925132751465,25.502887725830078,24.177335739135742,25.914661407470703,25.314533233642578,23.282068252563477,25.90087127685547,24.500137329101562,8,1.0456063747406006,-1.2556586265563965,1.173595905303955,-0.18565797805786133,3.04716157913208
llama3.2-1b,pair_09,3.7250614166259766,-0.4045257568359375,2.111309051513672,-1.6762123107910156,0.21216583251953125,2.826589584350586,-0.6860828399658203,1.8608818054199219,12.254804611206055,12.106302261352539,12.448552131652832,11.985895156860352,11.618021965026855,11.437525749206543,11.946187973022461,11.689151763916016,27.37630844116211,25.940040588378906,27.20345687866211,24.820058822631836,25.74839210510254,26.35394287109375,24.999195098876953,26.18021011352539,23.651247024536133,26.344566345214844,25.092147827148438,26.49627113342285,25.536226272583008,23.527353286743164,25.685277938842773,24.31932830810547,8,0.9961483478546143,0.11448049545288086,1.1873488426208496,-0.6889300346374512,3.2696242332458496
llama3.2-1b,pair_10,2.8491992950439453,1.0152473449707031,1.8246002197265625,0.4045696258544922,0.07487869262695312,2.783428192138672,-0.6718120574951172,1.8852214813232422,13.062368392944336,12.846635818481445,13.156919479370117,12.820265769958496,12.357053756713867,12.333374977111816,12.479379653930664,12.417306900024414,26.9215087890625,26.546249389648438,26.78956413269043,26.19734764099121,24.831256866455078,25.607580184936523,24.40662384033203,25.656082153320312,24.072309494018555,25.531002044677734,24.964963912963867,25.79277801513672,24.756378173828125,22.82415199279785,25.07843589782715,23.77086067199707,8,1.2706665992736816,-0.5054750442504883,0.8200435638427734,0.5029001235961914,2.1298913955688477
llama3.2-1b,pair_11,1.8591747283935547,0.4643268585205078,0.6832942962646484,-0.3128547668457031,1.4835472106933594,3.036487579345703,1.4969558715820312,3.1690120697021484,12.864701271057129,12.735486030578613,13.064827919006348,12.897403717041016,12.869478225708008,12.644680976867676,12.98788070678711,12.857637405395508,26.281286239624023,25.890411376953125,25.922651290893555,25.351551055908203,26.703086853027344,27.025100708007812,26.638578414916992,27.05002784729004,24.42211151123047,25.426084518432617,25.239356994628906,25.664405822753906,25.219539642333984,23.98861312866211,25.14162254333496,23.88101577758789,8,1.4849929809570312,1.6230154037475586,0.4517822265625,0.20849990844726562,1.4039983749389648
llama3.2-1b,pair_12,2.596853256225586,-0.47450828552246094,0.8084545135498047,-1.6608085632324219,0.5325088500976562,3.5307865142822266,0.22229766845703125,2.683492660522461,13.277544975280762,13.178546905517578,13.1376953125,12.872058868408203,12.69398021697998,12.479073524475098,12.727439880371094,12.506714820861816,25.82054328918457,24.834854125976562,25.637727737426758,24.061019897460938,25.47410774230957,25.932621002197266,25.021392822265625,25.788665771484375,23.223690032958984,25.309362411499023,24.829273223876953,25.72182846069336,24.941598892211914,22.40183448791504,24.799095153808594,23.105173110961914,8,1.0298845767974854,1.4247736930847168,1.0330510139465332,-0.02028799057006836,2.7500243186950684
llama3.2-1b,pair_13,2.4345455169677734,-0.39698219299316406,1.3623371124267578,-1.2442474365234375,0.6431999206542969,3.0329036712646484,-0.5234317779541016,2.115154266357422,13.317090034484863,12.719475746154785,13.36383056640625,12.645979881286621,13.187006950378418,12.489209175109863,13.288222312927246,12.659834861755371,27.021610260009766,26.177085876464844,26.961498260498047,25.773496627807617,26.519847869873047,27.247331619262695,26.106359481811523,27.311681747436523,24.587064743041992,26.574068069458008,25.59916114807129,27.017744064331055,25.87664794921875,24.214427947998047,26.629791259765625,25.1965274810791,8,0.9279348850250244,0.778043270111084,1.0009636878967285,-0.10245561599731445,2.616600513458252
llama3.2-1b,pair_14,2.529897689819336,0.7100143432617188,1.9902172088623047,-0.14836692810058594,0.03167152404785156,2.1244544982910156,-0.7477092742919922,1.1690025329589844,13.053621292114258,13.067108154296875,13.269969940185547,13.191184043884277,13.287612915039062,13.215773582458496,13.309438705444336,13.279254913330078,27.274517059326172,26.85965347290039,27.34684944152832,26.35592269897461,26.46031951904297,27.09723663330078,26.162450790405273,27.207260131835938,24.744619369506836,26.149639129638672,25.356632232666016,26.504289627075195,26.428647994995117,24.972782135009766,26.910160064697266,26.038257598876953,8,0.9573976993560791,-0.6260857582092285,0.7832236289978027,0.012756824493408203,1.991990566253662
llama3.2-1b,pair_15,1.3572559356689453,-0.8366203308105469,0.9002323150634766,-1.4372615814208984,1.2310829162597656,2.8029041290283203,1.3107013702392578,2.804525375366211,13.100446701049805,12.818337440490723,13.288348197937012,13.050896644592285,12.150469779968262,12.212589263916016,12.174155235290527,12.287654876708984,26.60685920715332,25.66861915588379,26.881208419799805,25.562780380249023,26.230552673339844,26.526771545410156,26.066619873046875,26.500364303588867,25.249603271484375,26.505239486694336,25.980976104736328,27.000041961669922,24.999469757080078,23.723867416381836,24.755918502807617,23.695838928222656,8,1.0166025161743164,2.0414018630981445,0.24410629272460938,-0.36643123626708984,1.8992538452148438
llama3.2-1b,pair_16,3.0146102905273438,-0.14528465270996094,2.457164764404297,-0.7957611083984375,0.14401626586914062,2.669912338256836,0.05313682556152344,2.34295654296875,11.940363883972168,11.795744895935059,12.213220596313477,11.827544212341309,11.229837417602539,10.956502914428711,10.884374618530273,10.7971773147583,27.154653549194336,26.11890983581543,27.248554229736328,25.77710723876953,25.689477920532227,26.326948165893555,25.333332061767578,26.030101776123047,24.140043258666992,26.26419448852539,24.79138946533203,26.57286834716797,25.545461654663086,23.65703582763672,25.280195236206055,23.687145233154297,8,1.2175939083099365,0.16982316970825195,0.40643930435180664,-0.3992762565612793,2.8071341514587402
llama3.2-1b,pair_17,2.603696823120117,0.5491733551025391,2.0301742553710938,-0.022790908813476562,1.2693195343017578,3.438486099243164,0.9235782623291016,2.998323440551758,11.915766716003418,11.9849214553833,12.246871948242188,12.122782707214355,12.444008827209473,12.33203125,12.452676773071289,12.385744094848633,26.63372802734375,26.204450607299805,26.77326202392578,26.0447998046875,26.351533889770508,26.829750061035156,26.250207901000977,26.964168548583984,24.030031204223633,25.655277252197266,24.743087768554688,26.067590713500977,25.08221435546875,23.391263961791992,25.326629638671875,23.965845108032227,8,1.7237451076507568,0.867363452911377,0.4828476905822754,0.034105777740478516,2.0878500938415527
llama3.2-1b,pair_18,2.6603527069091797,-0.34947967529296875,1.3605003356933594,-2.2437095642089844,0.1342906951904297,2.7392845153808594,-1.3127422332763672,1.6719932556152344,13.22747802734375,13.09005069732666,13.272128105163574,12.967267990112305,12.915434837341309,12.56855583190918,13.104411125183105,12.872108459472656,27.00739097595215,26.234405517578125,26.820837020874023,25.124418258666992,25.94416046142578,26.83924674987793,24.9570369720459,26.769126892089844,24.34703826904297,26.583885192871094,25.460336685180664,27.368127822875977,25.80986976623535,24.09996223449707,26.269779205322266,25.09713363647461,8,0.5825612545013428,0.4512906074523926,1.4271016120910645,-0.25607824325561523,3.050942897796631
llama3.2-1b,pair_19,1.7410392761230469,-1.1092567443847656,0.24236106872558594,-1.9284381866455078,1.4259395599365234,4.051197052001953,0.6953659057617188,3.148448944091797,12.82918643951416,12.711650848388672,12.785005569458008,12.582084655761719,12.359331130981445,12.247800827026367,12.419713973999023,12.375210762023926,25.91748809814453,24.83186912536621,25.458120346069336,24.058361053466797,26.488157272338867,26.947599411010742,25.94696807861328,26.775209426879883,24.176448822021484,25.941125869750977,25.21575927734375,25.986799240112305,25.062217712402344,22.89640235900879,25.251602172851562,23.626760482788086,8,1.033332109451294,2.593811511993408,0.987795352935791,0.01431131362915039,2.5248589515686035
llama3.2-1b,pair_20,3.7170276641845703,0.6642990112304688,1.9339828491210938,-0.27230262756347656,-0.24451446533203125,2.6372222900390625,-1.1396236419677734,1.7119865417480469,13.7877779006958,13.662416458129883,13.745451927185059,13.556214332580566,13.124673843383789,12.929420471191406,13.214773178100586,12.907251358032227,26.754480361938477,25.982202529907227,26.78434181213379,25.71925926208496,25.34208106994629,26.1856746673584,24.829357147216797,26.175922393798828,23.037452697753906,25.317903518676758,24.850358963012695,25.991561889648438,25.58659553527832,23.548452377319336,25.96898078918457,24.46393585205078,8,1.1260097026824951,-0.7694840431213379,1.134997844696045,0.11858320236206055,2.7480902671813965
llama3.2-1b,pair_21,2.4257144927978516,-1.0443058013916016,1.2073001861572266,-1.5816574096679688,2.1237411499023438,4.63020133972168,0.9382476806640625,3.6355438232421875,13.026658058166504,12.652791976928711,12.943533897399902,12.54928207397461,11.379740715026855,11.262361526489258,11.63418197631836,11.44845199584961,26.113079071044922,24.52849769592285,25.992679595947266,24.17842674255371,25.832576751708984,26.208595275878906,25.104707717895508,25.841537475585938,23.68736457824707,25.572803497314453,24.78537940979004,25.76008415222168,23.70883560180664,21.578393936157227,24.166460037231445,22.20599365234375,8,1.5418481826782227,2.5801706314086914,0.9839792251586914,-0.2638053894042969,2.8656835556030273
llama3.2-1b,pair_22,2.2061939239501953,0.2202739715576172,1.7294654846191406,-0.5257301330566406,0.4399757385253906,2.714090347290039,-0.6991024017333984,1.363515853881836,13.183372497558594,13.188179016113281,13.304939270019531,13.171988487243652,13.06171703338623,12.921025276184082,13.135432243347168,13.02283000946045,27.517656326293945,26.798934936523438,27.417633056640625,26.227378845214844,26.74584197998047,27.390155792236328,26.215879440307617,27.23724937438965,25.31146240234375,26.57866096496582,25.688167572021484,26.753108978271484,26.305866241455078,24.67606544494629,26.914981842041016,25.873733520507812,8,0.9310853481292725,0.04706907272338867,0.9280962944030762,0.02390432357788086,2.1444621086120605
llama3.2-1b,pair_23,2.5226497650146484,-0.5264186859130859,1.3378372192382812,-1.6438961029052734,0.8195343017578125,3.070077896118164,0.6772689819335938,2.898590087890625,13.398499488830566,13.065340995788574,13.338479995727539,12.835792541503906,12.02014446258545,11.987574577331543,12.092082023620605,12.068437576293945,26.271657943725586,24.955902099609375,26.218698501586914,24.182607650756836,25.395170211791992,26.020217895507812,25.141645431518555,25.953144073486328,23.749008178710938,25.48232078552246,24.880861282348633,25.82650375366211,24.57563591003418,22.95013999938965,24.46437644958496,23.054553985595703,8,1.1444554328918457,1.4438247680664062,0.6540107727050781,-0.38973426818847656,2.625666618347168
llama3.2-1b,pair_24,1.9748363494873047,0.23526763916015625,1.2846527099609375,-0.14151382446289062,1.0938758850097656,3.3152313232421875,0.47924232482910156,2.710329055786133,12.271604537963867,12.454872131347656,12.633325576782227,12.458840370178223,12.218017578125,12.096692085266113,12.202766418457031,12.078445434570312,26.588045120239258,26.07794189453125,26.503616333007812,25.752887725830078,25.072322845458984,25.357446670532227,24.500112533569336,25.253921508789062,24.613208770751953,25.842674255371094,25.218963623046875,25.89440155029297,23.97844696044922,22.04221534729004,24.020870208740234,22.54359245300293,8,1.368990182876587,1.06135892868042,0.5716252326965332,0.32167673110961914,1.9045443534851074
llama3.2-1b,pair_25,2.797771453857422,0.5899276733398438,1.37213134765625,-0.4682903289794922,0.20860862731933594,2.480926513671875,0.34659385681152344,2.158843994140625,12.446877479553223,12.292616844177246,12.522908210754395,12.27132511138916,12.278696060180664,12.115994453430176,12.404411315917969,12.32242488861084,26.468090057373047,25.84096336364746,26.0941162109375,25.21690559387207,25.876140594482422,26.53889274597168,25.80099868774414,26.49534797668457,23.670318603515625,25.251035690307617,24.72198486328125,25.685195922851562,25.667531967163086,24.057966232299805,25.454404830932617,24.336503982543945,8,1.1858141422271729,0.22585821151733398,0.6669888496398926,0.009075641632080078,2.0332083702087402
llama3.2-1b,pair_26,3.2566604614257812,0.5861873626708984,1.6104106903076172,-0.1986827850341797,-0.37573814392089844,2.096364974975586,-1.2365474700927734,1.3189525604248047,13.778372764587402,13.596526145935059,13.67663288116455,13.402701377868652,13.306509017944336,12.944283485412598,13.398300170898438,13.039501190185547,26.864103317260742,26.16330337524414,26.784944534301758,25.75274085998535,25.3707218170166,25.846725463867188,25.00110626220703,25.95597267150879,23.60744285583496,25.577116012573242,25.17453384399414,25.95142364501953,25.7464599609375,23.7503604888916,26.237653732299805,24.637020111083984,8,0.8822009563446045,-0.8628859519958496,1.0173354148864746,0.1370091438293457,2.3767924308776855
llama3.2-1b,pair_27,1.2364330291748047,-1.5526885986328125,0.25685882568359375,-2.0455875396728516,1.631551742553711,3.5905838012695312,1.2339210510253906,3.644939422607422,12.89559268951416,12.322906494140625,12.908334732055664,12.316764831542969,12.644051551818848,12.144769668579102,12.824352264404297,12.385472297668457,26.539257049560547,25.171350479125977,26.41483497619629,24.772846221923828,27.36772346496582,27.64389991760254,27.163084030151367,27.764741897583008,25.302824020385742,26.72403907775879,26.157976150512695,26.81843376159668,25.73617172241211,24.053316116333008,25.929162979125977,24.119802474975586,8,0.9995014667510986,3.05149507522583,0.4539370536804199,-0.18037939071655273,2.3654046058654785
llama3.2-1b,pair_28,2.506328582763672,0.3856658935546875,1.5574893951416016,-0.7436714172363281,0.22352981567382812,2.7531795501708984,-0.7975311279296875,1.3791656494140625,13.243257522583008,13.123499870300293,13.470419883728027,13.267685890197754,13.187464714050293,12.949580192565918,13.302252769470215,13.242807388305664,27.08055877685547,26.565488815307617,26.92449951171875,25.965702056884766,26.337848663330078,27.132064819335938,25.797622680664062,27.070663452148438,24.574230194091797,26.17982292175293,25.36701011657715,26.709373474121094,26.11431884765625,24.37888526916504,26.59515380859375,25.691497802734375,8,0.9080195426940918,-0.03686714172363281,1.1183128356933594,0.07113075256347656,2.2820425033569336
llama3.2-1b,pair_29,1.9293155670166016,-0.4616718292236328,1.1775760650634766,-1.2389144897460938,0.6877422332763672,2.972309112548828,0.2038421630859375,2.095579147338867,12.6272611618042,12.508785247802734,12.750381469726562,12.590289115905762,12.492151260375977,12.350385665893555,12.438255310058594,12.409220695495605,26.86529541015625,25.97579574584961,26.676437377929688,25.484928131103516,26.436616897583008,27.105377197265625,26.182750701904297,26.979244232177734,24.93597984313965,26.437467575073242,25.49886131286621,26.72384262084961,25.74887466430664,24.133068084716797,25.97890853881836,24.883665084838867,8,0.920722246170044,1.138291835784912,0.7224030494689941,-0.15779352188110352,2.245945453643799
llama3.2-1b,pair_30,2.1329612731933594,-0.49016571044921875,1.3307647705078125,-1.510824203491211,0.6857929229736328,2.899587631225586,-0.5565681457519531,1.978790283203125,13.128658294677734,12.989089965820312,13.19101619720459,12.825997352600098,12.91611099243164,12.677664756774902,13.255104064941406,12.889801979064941,27.303565979003906,26.401809692382812,27.273517608642578,25.644046783447266,26.393842697143555,26.869434356689453,25.82260513305664,26.983932495117188,25.170604705810547,26.89197540283203,25.942752838134766,27.154870986938477,25.708049774169922,23.969846725463867,26.379173278808594,25.005142211914062,8,0.8087923526763916,0.8862166404724121,0.9965033531188965,-0.17889070510864258,2.553467273712158
llama3.2-1b,pair_31,3.524351119995117,0.0504608154296875,2.2997398376464844,-1.910848617553711,0.07470703125,3.4260997772216797,-0.5768890380859375,2.743419647216797,12.337697982788086,12.443602561950684,12.511435508728027,12.343729972839355,11.762789726257324,11.690675735473633,11.87543773651123,11.748902320861816,26.513927459716797,25.298213958740234,26.286449432373047,23.843870162963867,24.66082191467285,25.35284996032715,24.15614891052246,25.342845916748047,22.98957633972168,25.247753143310547,23.986709594726562,25.754718780517578,24.58611488342285,21.92675018310547,24.7330379486084,22.59942626953125,8,1.2038800716400146,0.42590856552124023,1.130049228668213,-0.25319433212280273,3.5890450477600098
llama3.2-1b,pair_32,0.9249191284179688,-1.1981849670410156,0.7180614471435547,-1.4655303955078125,0.9618968963623047,2.724781036376953,1.2369136810302734,2.998973846435547,12.923920631408691,12.857145309448242,13.335283279418945,13.241325378417969,12.091137886047363,12.222887992858887,12.126913070678711,12.244056701660156,26.666025161743164,25.610363006591797,26.919036865234375,25.696414947509766,26.085939407348633,26.417016983032227,26.12751007080078,26.538515090942383,25.741106033325195,26.808547973632812,26.20097541809082,27.161945343017578,25.124042510986328,23.692235946655273,24.890596389770508,23.539541244506836,8,0.8627288341522217,2.2358250617980957,-0.01875162124633789,-0.19543790817260742,1.9579100608825684
llama3.2-1b,pair_33,3.082061767578125,0.9960079193115234,2.2281341552734375,0.4076213836669922,0.0684661865234375,2.2470645904541016,-0.5633869171142578,1.6497955322265625,13.041464805603027,12.710397720336914,13.047062873840332,12.764634132385254,13.078901290893555,12.74755573272705,13.110815048217773,12.862055778503418,26.86219024658203,26.585851669311523,26.95862579345703,26.490217208862305,26.182981491088867,27.027734756469727,25.91701889038086,27.082927703857422,23.780128479003906,25.58984375,24.730491638183594,26.082595825195312,26.11451530456543,24.780670166015625,26.480405807495117,25.43313217163086,8,1.2644705772399902,-0.8279714584350586,0.6678590774536133,0.12130355834960938,2.074586868286133
llama3.2-1b,pair_34,2.1542491912841797,-1.2346382141113281,0.5375957489013672,-1.7583847045898438,0.6234703063964844,3.0223617553710938,-0.03345298767089844,2.334634780883789,12.504161834716797,12.117475509643555,12.417409896850586,11.993422508239746,11.702370643615723,11.546614646911621,11.732151985168457,11.467949867248535,26.023420333862305,24.864418029785156,25.805561065673828,24.585201263427734,26.215452194213867,26.68303871154785,25.64015769958496,26.405414581298828,23.869171142578125,26.099056243896484,25.26796531677246,26.343585968017578,25.591981887817383,23.660676956176758,25.67361068725586,24.07077980041504,8,0.7057294845581055,1.5620479583740234,0.8712625503540039,-0.22947216033935547,2.612961769104004
llama3.2-1b,pair_35,1.7727832794189453,-0.4629535675048828,0.4584369659423828,-0.9763870239257812,1.2441329956054688,3.6720542907714844,0.6750659942626953,3.3798694610595703,13.245176315307617,13.199827194213867,13.298043251037598,13.207785606384277,13.032084465026855,12.83724594116211,13.10792350769043,13.039133071899414,25.935712814331055,24.973182678222656,25.530292510986328,24.412845611572266,26.322954177856445,26.571491241455078,26.0999813079834,26.691082000732422,24.16292953491211,25.43613624572754,25.071855545043945,25.389232635498047,25.078821182250977,22.899436950683594,25.424915313720703,23.31121253967285,8,1.2203752994537354,2.0448107719421387,0.6722579002380371,0.3655409812927246,2.2008213996887207
llama3.2-1b,pair_36,3.1136837005615234,-0.4933891296386719,2.0615406036376953,-1.3458633422851562,0.8015804290771484,3.871366500854492,-0.11707115173339844,2.8624744415283203,12.395833969116211,11.979819297790527,12.483890533447266,11.733255386352539,10.959184646606445,10.61449909210205,10.91256332397461,10.677318572998047,26.636760711669922,25.11871910095215,26.575965881347656,24.55660629272461,24.900915145874023,25.79657745361328,24.093652725219727,25.237863540649414,23.5230770111084,25.61210823059082,24.51442527770996,25.902469635009766,24.099334716796875,21.92521095275879,24.210723876953125,22.375389099121094,8,1.3442902565002441,1.020594596862793,0.9580402374267578,-0.2412862777709961,3.2659521102905273
llama3.2-1b,pair_37,3.3609085083007812,-0.07076454162597656,1.6958427429199219,-1.2536334991455078,-0.269256591796875,3.046724319458008,-0.8582096099853516,2.261157989501953,13.474069595336914,13.39547061920166,13.258821487426758,13.152997016906738,12.528322219848633,12.588236808776855,12.537200927734375,12.501693725585938,26.59800148010254,25.57709312438965,26.67462921142578,25.085521697998047,25.159425735473633,26.045812606811523,24.716304779052734,26.12350845336914,23.237092971801758,25.647857666015625,24.97878646850586,26.339155197143555,25.428682327270508,22.999088287353516,25.574514389038086,23.862350463867188,8,0.9890961647033691,0.1120157241821289,1.0556135177612305,0.0135498046875,3.2041244506835938
llama3.2-1b,pair_38,2.627666473388672,0.3074016571044922,1.7558345794677734,-0.39655303955078125,0.5832061767578125,2.8227272033691406,-0.3593769073486328,1.672098159790039,12.780261993408203,12.628623962402344,12.923142433166504,12.659897804260254,12.554391860961914,12.37906551361084,12.51589298248291,12.467344284057617,27.137235641479492,26.307331085205078,27.006074905395508,25.783756256103516,26.305492401123047,26.689821243286133,26.087783813476562,26.81182861328125,24.50956916809082,25.999929428100586,25.250240325927734,26.180309295654297,25.722286224365234,23.867094039916992,26.447160720825195,25.13973045349121,8,1.1266255378723145,0.10607624053955078,0.9172496795654297,-0.050414085388183594,2.1859121322631836
llama3.2-1b,pair_39,1.924551010131836,0.5672245025634766,0.9826297760009766,0.15604591369628906,1.4738044738769531,2.939594268798828,1.5511474609375,2.857454299926758,13.560978889465332,13.240793228149414,13.575112342834473,13.190206527709961,12.481040000915527,12.37607192993164,12.51575756072998,12.415736198425293,26.899372100830078,26.40427017211914,26.705080032348633,26.05901527404785,25.465328216552734,25.55201530456543,25.301443099975586,25.493682861328125,24.974821090698242,25.837045669555664,25.722450256347656,25.902969360351562,23.99152374267578,22.6124210357666,23.750295639038086,22.636228561401367,8,1.5565564632415771,1.2978873252868652,0.3394742012023926,0.14704656600952148,1.239001750946045
llama3.2-1b,pair_40,2.0863704681396484,-0.6099967956542969,0.9533176422119141,-1.6136970520019531,0.9629173278808594,4.016143798828125,0.4958076477050781,3.3732433319091797,12.755067825317383,13.022261619567871,13.037786483764648,13.000076293945312,12.67098331451416,12.539811134338379,12.623135566711426,12.422545433044434,25.96687889099121,25.150991439819336,25.895626068115234,24.40009117126465,25.176860809326172,25.49758529663086,24.671173095703125,25.552295684814453,23.880508422851562,25.760988235473633,24.94230842590332,26.0137882232666,24.213943481445312,21.481441497802734,24.175365447998047,22.179052352905273,8,1.2080132961273193,2.0080294609069824,0.8116908073425293,0.16682004928588867,2.798511028289795
llama3.2-1b,pair_41,2.127054214477539,-0.1409778594970703,1.134145736694336,-1.3098678588867188,0.26178741455078125,2.760631561279297,-0.44388771057128906,1.5766925811767578,12.95031452178955,12.830520629882812,13.00222110748291,12.8611478805542,12.933111190795898,12.787601470947266,13.12317180633545,13.025833129882812,26.306293487548828,25.793258666992188,26.34072494506836,25.2174072265625,26.38766860961914,27.059539794921875,25.87607765197754,26.9740047454834,24.17923927307129,25.934236526489258,25.206579208374023,26.52727508544922,26.12588119506836,24.298908233642578,26.319965362548828,25.39731216430664,8,0.7456972599029541,0.5862174034118652,1.0128531455993652,-0.04815530776977539,2.3078675270080566
llama3.2-1b,pair_42,2.4579334259033203,-0.4937286376953125,1.0907669067382812,-1.3367671966552734,0.4125995635986328,2.9450931549072266,0.0057525634765625,2.802217483520508,13.190855979919434,13.032572746276855,13.023763656616211,12.770294189453125,12.392818450927734,12.314733505249023,12.451020240783691,12.358489036560059,26.093894958496094,24.852699279785156,25.97618865966797,24.265609741210938,25.598384857177734,26.140871047973633,25.160879135131836,26.05524444580078,23.635961532592773,25.34642791748047,24.885421752929688,25.60237693786621,25.1857852935791,23.195777893066406,25.155126571655273,23.253026962280273,8,0.9854834079742432,1.1118645668029785,0.6899819374084473,-0.01255941390991211,2.6770386695861816
llama3.2-1b,pair_43,2.2318248748779297,-0.5641098022460938,1.8098526000976562,-0.8564376831054688,0.8593540191650391,2.7892723083496094,0.18896102905273438,1.9458236694335938,12.59775161743164,12.158381462097168,12.729168891906738,12.1813383102417,12.318408966064453,12.039603233337402,12.328471183776855,12.11291790008545,27.596010208129883,26.420866012573242,27.76035499572754,26.299741744995117,27.391658782958984,27.55698013305664,27.105501174926758,27.57217025756836,25.364185333251953,26.984975814819336,25.950502395629883,27.156179428100586,26.532304763793945,24.76770782470703,26.916540145874023,25.626346588134766,8,1.050567626953125,0.7905702590942383,0.5570354461669922,-0.4438610076904297,2.2872514724731445
llama3.2-1b,pair_44,2.8274497985839844,-0.4268321990966797,1.3028945922851562,-2.082094192504883,0.4415435791015625,3.013275146484375,-0.4041423797607422,1.795450210571289,12.367167472839355,12.210294723510742,12.438911437988281,12.135786056518555,12.077963829040527,11.87378978729248,12.249637603759766,12.04861068725586,27.270050048828125,26.34754180908203,27.13985252380371,25.209388732910156,26.133291244506836,26.799638748168945,25.719104766845703,26.762020111083984,24.44260025024414,26.77437400817871,25.836957931518555,27.29148292541504,25.691747665405273,23.78636360168457,26.123247146606445,24.966569900512695,8,0.8084430694580078,0.8061771392822266,1.3108320236206055,-0.46698665618896484,2.8526487350463867
llama3.2-1b,pair_45,0.6540775299072266,-1.3815803527832031,0.05275154113769531,-2.265592575073242,1.7303390502929688,4.261102676391602,1.023477554321289,3.0434112548828125,12.477200508117676,12.61063003540039,12.70398235321045,12.729100227355957,12.604119300842285,12.600272178649902,12.49462890625,12.537339210510254,26.298171997070312,25.297103881835938,26.1292781829834,24.738101959228516,26.43777084350586,27.05134391784668,26.103422164916992,26.95644187927246,25.644094467163086,26.67868423461914,26.076526641845703,27.003694534301758,24.70743179321289,22.790241241455078,25.079944610595703,23.91303062438965,8,0.8897483348846436,3.249668598175049,0.8524727821350098,0.049173831939697266,2.226174831390381
