model,condition,bodyuse,pair_id,D__sr=alt_reactive|do=reactive_first|bo=alt_first,D__sr=alt_reactive|do=reactive_first|bo=dep_first,D__sr=alt_reactive|do=reactive_first|bo=na,D__sr=alt_reactive|do=stable_first|bo=alt_first,D__sr=alt_reactive|do=stable_first|bo=dep_first,D__sr=alt_reactive|do=stable_first|bo=na,D__sr=dep_reactive|do=reactive_first|bo=alt_first,D__sr=dep_reactive|do=reactive_first|bo=dep_first,D__sr=dep_reactive|do=reactive_first|bo=na,D__sr=dep_reactive|do=stable_first|bo=alt_first,D__sr=dep_reactive|do=stable_first|bo=dep_first,D__sr=dep_reactive|do=stable_first|bo=na,LD_stateform__sr=alt_reactive|do=reactive_first|bo=alt_first,LD_stateform__sr=alt_reactive|do=reactive_first|bo=dep_first,LD_stateform__sr=alt_reactive|do=reactive_first|bo=na,LD_stateform__sr=alt_reactive|do=stable_first|bo=alt_first,LD_stateform__sr=alt_reactive|do=stable_first|bo=dep_first,LD_stateform__sr=alt_reactive|do=stable_first|bo=na,LD_stateform__sr=dep_reactive|do=reactive_first|bo=alt_first,LD_stateform__sr=dep_reactive|do=reactive_first|bo=dep_first,LD_stateform__sr=dep_reactive|do=reactive_first|bo=na,LD_stateform__sr=dep_reactive|do=stable_first|bo=alt_first,LD_stateform__sr=dep_reactive|do=stable_first|bo=dep_first,LD_stateform__sr=dep_reactive|do=stable_first|bo=na,logit_control__sr=alt_reactive|do=reactive_first|bo=alt_first,logit_control__sr=alt_reactive|do=reactive_first|bo=dep_first,logit_control__sr=alt_reactive|do=reactive_first|bo=na,logit_control__sr=alt_reactive|do=stable_first|bo=alt_first,logit_control__sr=alt_reactive|do=stable_first|bo=dep_first,logit_control__sr=alt_reactive|do=stable_first|bo=na,logit_control__sr=dep_reactive|do=reactive_first|bo=alt_first,logit_control__sr=dep_reactive|do=reactive_first|bo=dep_first,logit_control__sr=dep_reactive|do=reactive_first|bo=na,logit_control__sr=dep_reactive|do=stable_first|bo=alt_first,logit_control__sr=dep_reactive|do=stable_first|bo=dep_first,logit_control__sr=dep_reactive|do=stable_first|bo=na,logit_target__sr=alt_reactive|do=reactive_first|bo=alt_first,logit_target__sr=alt_reactive|do=reactive_first|bo=dep_first,logit_target__sr=alt_reactive|do=reactive_first|bo=na,logit_target__sr=alt_reactive|do=stable_first|bo=alt_first,logit_target__sr=alt_reactive|do=stable_first|bo=dep_first,logit_target__sr=alt_reactive|do=stable_first|bo=na,logit_target__sr=dep_reactive|do=reactive_first|bo=alt_first,logit_target__sr=dep_reactive|do=reactive_first|bo=dep_first,logit_target__sr=dep_reactive|do=reactive_first|bo=na,logit_target__sr=dep_reactive|do=stable_first|bo=alt_first,logit_target__sr=dep_reactive|do=stable_first|bo=dep_first,logit_target__sr=dep_reactive|do=stable_first|bo=na
llama3.2-1b,subscribe,both,pair_01,0.96875,-0.390625,,1.109375,0.21875,,2.40625,1.5,,2.75,0.625,,-0.96875,0.390625,,-1.109375,-0.21875,,2.40625,1.5,,2.75,0.625,,26.0625,25.5,,26.171875,25.625,,23.5,23.703125,,23.4375,24.734375,,25.09375,25.890625,,25.0625,25.40625,,25.90625,25.203125,,26.1875,25.359375,
llama3.2-1b,subscribe,both,pair_02,-1.4375,-0.421875,,-0.453125,0.578125,,1.140625,2.421875,,0.375,0.84375,,1.4375,0.421875,,0.453125,-0.578125,,1.140625,2.421875,,0.375,0.84375,,24.546875,25.359375,,25.328125,25.796875,,24.0,22.875,,24.328125,24.03125,,25.984375,25.78125,,25.78125,25.21875,,25.140625,25.296875,,24.703125,24.875,
llama3.2-1b,subscribe,both,pair_03,-1.171875,-0.859375,,-0.140625,-0.546875,,1.921875,1.90625,,1.125,1.0625,,1.171875,0.859375,,0.140625,0.546875,,1.921875,1.90625,,1.125,1.0625,,23.546875,24.078125,,24.578125,24.375,,23.53125,23.46875,,24.21875,24.3125,,24.71875,24.9375,,24.71875,24.921875,,25.453125,25.375,,25.34375,25.375,
llama3.2-1b,subscribe,both,pair_04,-2.8125,-2.03125,,-1.359375,-1.09375,,0.8125,1.53125,,0.078125,0.484375,,2.8125,2.03125,,1.359375,1.09375,,0.8125,1.53125,,0.078125,0.484375,,22.0,23.15625,,23.203125,23.75,,23.78125,23.46875,,24.3125,24.34375,,24.8125,25.1875,,24.5625,24.84375,,24.59375,25.0,,24.390625,24.828125,
llama3.2-1b,subscribe,both,pair_05,-2.171875,-1.484375,,-1.546875,-0.8125,,0.75,1.671875,,0.25,0.953125,,2.171875,1.484375,,1.546875,0.8125,,0.75,1.671875,,0.25,0.953125,,23.484375,24.296875,,24.171875,24.875,,24.65625,23.796875,,25.0,24.5625,,25.65625,25.78125,,25.71875,25.6875,,25.40625,25.46875,,25.25,25.515625,
llama3.2-1b,subscribe,both,pair_06,-2.25,-2.453125,,-1.140625,-2.171875,,1.40625,1.921875,,0.140625,0.6875,,2.25,2.453125,,1.140625,2.171875,,1.40625,1.921875,,0.140625,0.6875,,22.78125,23.078125,,23.953125,23.5,,24.078125,23.46875,,24.953125,24.625,,25.03125,25.53125,,25.09375,25.671875,,25.484375,25.390625,,25.09375,25.3125,
llama3.2-1b,subscribe,both,pair_07,-1.3125,-0.90625,,-0.1875,-0.125,,1.15625,1.25,,1.21875,-0.109375,,1.3125,0.90625,,0.1875,0.125,,1.15625,1.25,,1.21875,-0.109375,,24.421875,24.671875,,25.125,25.09375,,23.453125,23.109375,,23.421875,24.234375,,25.734375,25.578125,,25.3125,25.21875,,24.609375,24.359375,,24.640625,24.125,
llama3.2-1b,subscribe,both,pair_08,-3.796875,-2.234375,,-1.65625,-1.109375,,-0.125,0.359375,,-1.9375,-1.21875,,3.796875,2.234375,,1.65625,1.109375,,-0.125,0.359375,,-1.9375,-1.21875,,22.5,24.140625,,24.328125,24.9375,,24.515625,24.171875,,25.65625,25.546875,,26.296875,26.375,,25.984375,26.046875,,24.390625,24.53125,,23.71875,24.328125,
llama3.2-1b,subscribe,both,pair_09,-3.140625,-0.671875,,-1.40625,0.25,,1.4375,1.765625,,1.96875,0.734375,,3.140625,0.671875,,1.40625,-0.25,,1.4375,1.765625,,1.96875,0.734375,,23.171875,25.09375,,24.671875,25.1875,,23.046875,22.578125,,22.359375,23.25,,26.3125,25.765625,,26.078125,24.9375,,24.484375,24.34375,,24.328125,23.984375,
llama3.2-1b,subscribe,both,pair_10,-2.375,-2.796875,,-1.671875,-2.390625,,1.171875,1.03125,,0.0625,0.03125,,2.375,2.796875,,1.671875,2.390625,,1.171875,1.03125,,0.0625,0.03125,,22.875,23.328125,,23.78125,23.859375,,23.328125,23.28125,,24.125,24.203125,,25.25,26.125,,25.453125,26.25,,24.5,24.3125,,24.1875,24.234375,
llama3.2-1b,subscribe,both,pair_11,-1.96875,-2.90625,,-1.125,-2.390625,,1.71875,1.453125,,1.359375,0.765625,,1.96875,2.90625,,1.125,2.390625,,1.71875,1.453125,,1.359375,0.765625,,22.46875,22.15625,,23.3125,22.578125,,23.671875,23.671875,,23.90625,24.171875,,24.4375,25.0625,,24.4375,24.96875,,25.390625,25.125,,25.265625,24.9375,
llama3.2-1b,subscribe,both,pair_12,-2.4375,-1.40625,,-0.390625,-0.75,,1.203125,1.34375,,1.15625,0.796875,,2.4375,1.40625,,0.390625,0.75,,1.203125,1.34375,,1.15625,0.796875,,22.203125,23.21875,,23.9375,23.9375,,23.296875,23.21875,,23.234375,23.578125,,24.640625,24.625,,24.328125,24.6875,,24.5,24.5625,,24.390625,24.375,
llama3.2-1b,subscribe,both,pair_13,-1.859375,-1.53125,,-0.234375,-0.546875,,1.46875,1.671875,,0.125,0.4375,,1.859375,1.53125,,0.234375,0.546875,,1.46875,1.671875,,0.125,0.4375,,24.15625,24.640625,,25.375,25.3125,,24.625,24.25,,25.71875,25.515625,,26.015625,26.171875,,25.609375,25.859375,,26.09375,25.921875,,25.84375,25.953125,
llama3.2-1b,subscribe,both,pair_14,-0.859375,-0.421875,,0.390625,-0.21875,,2.203125,2.109375,,1.5,1.1875,,0.859375,0.421875,,-0.390625,0.21875,,2.203125,2.109375,,1.5,1.1875,,24.90625,25.453125,,26.0625,25.703125,,24.09375,23.859375,,24.671875,24.953125,,25.765625,25.875,,25.671875,25.921875,,26.296875,25.96875,,26.171875,26.140625,
llama3.2-1b,subscribe,both,pair_15,-0.625,-0.296875,,-0.109375,0.328125,,1.625,1.390625,,1.6875,1.609375,,0.625,0.296875,,0.109375,-0.328125,,1.625,1.390625,,1.6875,1.609375,,24.71875,25.375,,25.25,25.640625,,23.859375,23.625,,23.9375,23.71875,,25.34375,25.671875,,25.359375,25.3125,,25.484375,25.015625,,25.625,25.328125,
llama3.2-1b,subscribe,both,pair_16,-2.46875,-1.5625,,-1.09375,-1.375,,1.515625,2.046875,,1.25,1.234375,,2.46875,1.5625,,1.09375,1.375,,1.515625,2.046875,,1.25,1.234375,,23.75,24.671875,,24.765625,24.46875,,23.859375,22.90625,,24.03125,23.65625,,26.21875,26.234375,,25.859375,25.84375,,25.375,24.953125,,25.28125,24.890625,
llama3.2-1b,subscribe,both,pair_17,-1.984375,-1.6875,,-0.734375,-0.96875,,1.9375,2.328125,,1.609375,1.484375,,1.984375,1.6875,,0.734375,0.96875,,1.9375,2.328125,,1.609375,1.484375,,23.421875,24.125,,24.671875,24.9375,,23.125,22.78125,,23.640625,23.84375,,25.40625,25.8125,,25.40625,25.90625,,25.0625,25.109375,,25.25,25.328125,
llama3.2-1b,subscribe,both,pair_18,-2.109375,-1.203125,,-0.390625,0.34375,,0.890625,1.765625,,-0.09375,0.21875,,2.109375,1.203125,,0.390625,-0.34375,,0.890625,1.765625,,-0.09375,0.21875,,23.484375,24.46875,,24.96875,25.421875,,24.390625,23.6875,,24.890625,24.96875,,25.59375,25.671875,,25.359375,25.078125,,25.28125,25.453125,,24.796875,25.1875,
llama3.2-1b,subscribe,both,pair_19,-1.28125,-1.0625,,0.359375,-0.546875,,2.3125,2.296875,,1.734375,1.46875,,1.28125,1.0625,,-0.359375,0.546875,,2.3125,2.296875,,1.734375,1.46875,,23.140625,23.5625,,24.453125,23.96875,,23.609375,23.390625,,23.90625,23.921875,,24.421875,24.625,,24.09375,24.515625,,25.921875,25.6875,,25.640625,25.390625,
llama3.2-1b,subscribe,both,pair_20,-3.4375,-2.21875,,-1.421875,-1.421875,,0.015625,0.59375,,-1.453125,-0.21875,,3.4375,2.21875,,1.421875,1.421875,,0.015625,0.59375,,-1.453125,-0.21875,,22.359375,23.625,,24.203125,24.375,,24.53125,23.921875,,25.484375,24.796875,,25.796875,25.84375,,25.625,25.796875,,24.546875,24.515625,,24.03125,24.578125,
llama3.2-1b,subscribe,both,pair_21,-2.140625,-0.875,,-0.78125,0.03125,,1.96875,1.671875,,1.625,0.640625,,2.140625,0.875,,0.78125,-0.03125,,1.96875,1.671875,,1.625,0.640625,,23.0625,24.390625,,24.078125,24.65625,,22.25,22.421875,,22.625,23.21875,,25.203125,25.265625,,24.859375,24.625,,24.21875,24.09375,,24.25,23.859375,
llama3.2-1b,subscribe,both,pair_22,-0.96875,-0.53125,,0.015625,-0.28125,,1.875,2.078125,,1.5,0.875,,0.96875,0.53125,,-0.015625,0.28125,,1.875,2.078125,,1.5,0.875,,24.96875,25.359375,,25.78125,25.5625,,24.390625,23.859375,,24.5625,25.03125,,25.9375,25.890625,,25.765625,25.84375,,26.265625,25.9375,,26.0625,25.90625,
llama3.2-1b,subscribe,both,pair_23,-2.046875,-1.15625,,-1.21875,-0.140625,,1.03125,1.296875,,0.96875,1.09375,,2.046875,1.15625,,1.21875,0.140625,,1.03125,1.296875,,0.96875,1.09375,,23.25,24.140625,,24.015625,24.640625,,23.109375,22.71875,,23.15625,22.78125,,25.296875,25.296875,,25.234375,24.78125,,24.140625,24.015625,,24.125,23.875,
llama3.2-1b,subscribe,both,pair_24,-1.40625,-1.734375,,-0.59375,-1.390625,,2.453125,2.359375,,2.1875,1.671875,,1.40625,1.734375,,0.59375,1.390625,,2.453125,2.359375,,2.1875,1.671875,,23.890625,24.15625,,24.6875,24.609375,,22.015625,21.9375,,22.078125,22.484375,,25.296875,25.890625,,25.28125,26.0,,24.46875,24.296875,,24.265625,24.15625,
llama3.2-1b,subscribe,both,pair_25,-3.03125,-3.03125,,-1.25,-2.09375,,1.3125,1.359375,,1.203125,0.6875,,3.03125,3.03125,,1.25,2.09375,,1.3125,1.359375,,1.203125,0.6875,,21.546875,21.953125,,22.96875,22.640625,,23.484375,23.375,,23.359375,23.703125,,24.578125,24.984375,,24.21875,24.734375,,24.796875,24.734375,,24.5625,24.390625,
llama3.2-1b,subscribe,both,pair_26,-2.90625,-2.625,,-1.109375,-1.796875,,0.21875,0.5,,-1.0625,-0.25,,2.90625,2.625,,1.109375,1.796875,,0.21875,0.5,,-1.0625,-0.25,,22.84375,23.5625,,24.484375,24.546875,,24.59375,24.4375,,25.578125,25.265625,,25.75,26.1875,,25.59375,26.34375,,24.8125,24.9375,,24.515625,25.015625,
llama3.2-1b,subscribe,both,pair_27,-0.046875,0.15625,,0.875,0.71875,,2.34375,2.109375,,2.21875,1.734375,,0.046875,-0.15625,,-0.875,-0.71875,,2.34375,2.109375,,2.21875,1.734375,,24.859375,25.3125,,25.296875,25.390625,,23.703125,23.671875,,23.8125,24.0,,24.90625,25.15625,,24.421875,24.671875,,26.046875,25.78125,,26.03125,25.734375,
llama3.2-1b,subscribe,both,pair_28,-1.6875,-0.71875,,-0.515625,-0.234375,,1.359375,2.765625,,0.296875,1.53125,,1.6875,0.71875,,0.515625,0.234375,,1.359375,2.765625,,0.296875,1.53125,,24.0,25.09375,,25.171875,25.5625,,24.5625,23.421875,,25.28125,24.9375,,25.6875,25.8125,,25.6875,25.796875,,25.921875,26.1875,,25.578125,26.46875,
llama3.2-1b,subscribe,both,pair_29,-1.53125,-0.171875,,-0.875,-0.171875,,1.671875,1.625,,2.28125,1.515625,,1.53125,0.171875,,0.875,0.171875,,1.671875,1.625,,2.28125,1.515625,,24.5625,25.546875,,25.0,25.40625,,24.1875,23.828125,,23.65625,24.234375,,26.09375,25.71875,,25.875,25.578125,,25.859375,25.453125,,25.9375,25.75,
llama3.2-1b,subscribe,both,pair_30,0.171875,-0.0625,,1.203125,0.484375,,2.28125,1.46875,,1.953125,0.640625,,-0.171875,0.0625,,-1.203125,-0.484375,,2.28125,1.46875,,1.953125,0.640625,,25.328125,25.359375,,26.03125,25.671875,,23.3125,23.734375,,23.4375,24.28125,,25.15625,25.421875,,24.828125,25.1875,,25.59375,25.203125,,25.390625,24.921875,
llama3.2-1b,subscribe,both,pair_31,-2.546875,-1.109375,,-0.890625,0.4375,,1.21875,1.90625,,0.640625,0.546875,,2.546875,1.109375,,0.890625,-0.4375,,1.21875,1.90625,,0.640625,0.546875,,23.3125,24.484375,,24.46875,25.03125,,22.765625,22.078125,,23.21875,23.203125,,25.859375,25.59375,,25.359375,24.59375,,23.984375,23.984375,,23.859375,23.75,
llama3.2-1b,subscribe,both,pair_32,-0.578125,-0.34375,,-0.25,0.59375,,1.640625,1.53125,,1.734375,1.59375,,0.578125,0.34375,,0.25,-0.59375,,1.640625,1.53125,,1.734375,1.59375,,24.921875,25.453125,,25.25,25.734375,,23.921875,23.453125,,24.046875,23.78125,,25.5,25.796875,,25.5,25.140625,,25.5625,24.984375,,25.78125,25.375,
llama3.2-1b,subscribe,both,pair_33,-3.03125,-2.421875,,-1.796875,-1.796875,,0.328125,0.921875,,-0.75,0.046875,,3.03125,2.421875,,1.796875,1.796875,,0.328125,0.921875,,-0.75,0.046875,,22.359375,23.5,,23.703125,24.328125,,24.984375,24.625,,25.75,25.578125,,25.390625,25.921875,,25.5,26.125,,25.3125,25.546875,,25.0,25.625,
llama3.2-1b,subscribe,both,pair_34,-1.609375,-0.640625,,0.25,-0.5625,,1.578125,1.84375,,1.34375,1.453125,,1.609375,0.640625,,-0.25,0.5625,,1.578125,1.84375,,1.34375,1.453125,,22.703125,23.578125,,24.0,23.46875,,23.265625,22.671875,,23.453125,23.0625,,24.3125,24.21875,,23.75,24.03125,,24.84375,24.515625,,24.796875,24.515625,
llama3.2-1b,subscribe,both,pair_35,-1.125,-1.671875,,-0.265625,-1.59375,,2.046875,1.34375,,1.671875,0.796875,,1.125,1.671875,,0.265625,1.59375,,2.046875,1.34375,,1.671875,0.796875,,23.125,23.0625,,23.890625,23.09375,,23.453125,23.734375,,23.890625,24.28125,,24.25,24.734375,,24.15625,24.6875,,25.5,25.078125,,25.5625,25.078125,
llama3.2-1b,subscribe,both,pair_36,-2.9375,-1.203125,,-1.53125,-0.28125,,1.171875,1.21875,,1.0,0.21875,,2.9375,1.203125,,1.53125,0.28125,,1.171875,1.21875,,1.0,0.21875,,23.34375,24.765625,,24.46875,25.03125,,22.921875,22.703125,,22.984375,23.515625,,26.28125,25.96875,,26.0,25.3125,,24.09375,23.921875,,23.984375,23.734375,
llama3.2-1b,subscribe,both,pair_37,-2.859375,-1.4375,,-0.953125,-0.625,,0.578125,1.203125,,-0.625,0.140625,,2.859375,1.4375,,0.953125,0.625,,0.578125,1.203125,,-0.625,0.140625,,22.46875,23.828125,,24.328125,24.5625,,24.015625,23.171875,,24.78125,24.0625,,25.328125,25.265625,,25.28125,25.1875,,24.59375,24.375,,24.15625,24.203125,
llama3.2-1b,subscribe,both,pair_38,-0.5,-2.171875,,0.75,-1.09375,,2.15625,1.59375,,2.0,0.640625,,0.5,2.171875,,-0.75,1.09375,,2.15625,1.59375,,2.0,0.640625,,24.1875,23.859375,,25.125,24.484375,,23.421875,23.640625,,23.65625,24.671875,,24.6875,26.03125,,24.375,25.578125,,25.578125,25.234375,,25.65625,25.3125,
llama3.2-1b,subscribe,both,pair_39,-1.953125,-2.828125,,-1.296875,-2.34375,,1.296875,0.765625,,1.015625,0.546875,,1.953125,2.828125,,1.296875,2.34375,,1.296875,0.765625,,1.015625,0.546875,,23.40625,23.53125,,24.28125,24.125,,23.078125,23.296875,,23.140625,23.421875,,25.359375,26.359375,,25.578125,26.46875,,24.375,24.0625,,24.15625,23.96875,
llama3.2-1b,subscribe,both,pair_40,-1.4375,-0.609375,,0.25,-0.15625,,2.75,3.046875,,2.25,2.109375,,1.4375,0.609375,,-0.25,0.15625,,2.75,3.046875,,2.25,2.109375,,23.765625,24.625,,25.015625,25.140625,,22.09375,21.8125,,22.34375,22.546875,,25.203125,25.234375,,24.765625,25.296875,,24.84375,24.859375,,24.59375,24.65625,
llama3.2-1b,subscribe,both,pair_41,-2.34375,-0.953125,,-0.84375,-0.375,,0.984375,2.1875,,0.125,1.03125,,2.34375,0.953125,,0.84375,0.375,,0.984375,2.1875,,0.125,1.03125,,22.59375,24.078125,,24.28125,24.8125,,24.390625,23.578125,,24.65625,24.625,,24.9375,25.03125,,25.125,25.1875,,25.375,25.765625,,24.78125,25.65625,
llama3.2-1b,subscribe,both,pair_42,-1.53125,-0.5,,-0.640625,0.15625,,1.203125,1.09375,,1.046875,0.546875,,1.53125,0.5,,0.640625,-0.15625,,1.203125,1.09375,,1.046875,0.546875,,23.078125,24.109375,,23.859375,24.375,,23.09375,23.03125,,23.203125,23.34375,,24.609375,24.609375,,24.5,24.21875,,24.296875,24.125,,24.25,23.890625,
llama3.2-1b,subscribe,both,pair_43,0.40625,-0.421875,,0.984375,-0.09375,,2.3125,1.828125,,2.34375,1.03125,,-0.40625,0.421875,,-0.984375,0.09375,,2.3125,1.828125,,2.34375,1.03125,,26.078125,25.703125,,26.421875,25.953125,,24.125,24.15625,,24.1875,25.078125,,25.671875,26.125,,25.4375,26.046875,,26.4375,25.984375,,26.53125,26.109375,
llama3.2-1b,subscribe,both,pair_44,-2.375,-0.984375,,-0.75,0.03125,,1.671875,1.1875,,1.765625,0.171875,,2.375,0.984375,,0.75,-0.03125,,1.671875,1.1875,,1.765625,0.171875,,23.78125,25.109375,,25.265625,25.578125,,23.4375,23.53125,,23.15625,24.296875,,26.15625,26.09375,,26.015625,25.546875,,25.109375,24.71875,,24.921875,24.46875,
llama3.2-1b,subscribe,both,pair_45,-0.875,0.40625,,0.078125,0.765625,,2.015625,3.21875,,1.65625,2.3125,,0.875,-0.40625,,-0.078125,-0.765625,,2.015625,3.21875,,1.65625,2.3125,,25.0,25.828125,,25.71875,26.03125,,23.953125,22.75,,24.21875,23.75,,25.875,25.421875,,25.640625,25.265625,,25.96875,25.96875,,25.875,26.0625,
llama3.2-1b,subscribe,control_only,pair_01,,,0.359375,,,0.8125,,,0.765625,,,1.109375,,,-0.359375,,,-0.8125,,,0.765625,,,1.109375,,,25.0,,,25.390625,,,23.5625,,,23.609375,,,24.640625,,,24.578125,,,24.328125,,,24.71875
llama3.2-1b,subscribe,control_only,pair_02,,,0.84375,,,1.015625,,,-0.28125,,,-0.390625,,,-0.84375,,,-1.015625,,,-0.28125,,,-0.390625,,,25.21875,,,25.390625,,,23.953125,,,24.21875,,,24.375,,,24.375,,,23.671875,,,23.828125
llama3.2-1b,subscribe,control_only,pair_03,,,-0.265625,,,0.15625,,,0.796875,,,0.609375,,,0.265625,,,-0.15625,,,0.796875,,,0.609375,,,23.765625,,,24.328125,,,23.28125,,,23.78125,,,24.03125,,,24.171875,,,24.078125,,,24.390625
llama3.2-1b,subscribe,control_only,pair_04,,,-1.546875,,,-0.625,,,0.296875,,,-0.484375,,,1.546875,,,0.625,,,0.296875,,,-0.484375,,,22.671875,,,23.296875,,,23.484375,,,24.0,,,24.21875,,,23.921875,,,23.78125,,,23.515625
llama3.2-1b,subscribe,control_only,pair_05,,,-0.875,,,-0.53125,,,-0.34375,,,-0.453125,,,0.875,,,0.53125,,,-0.34375,,,-0.453125,,,23.953125,,,24.546875,,,24.234375,,,24.640625,,,24.828125,,,25.078125,,,23.890625,,,24.1875
llama3.2-1b,subscribe,control_only,pair_06,,,-1.875,,,-1.6875,,,0.859375,,,-0.078125,,,1.875,,,1.6875,,,0.859375,,,-0.078125,,,22.6875,,,23.15625,,,23.6875,,,24.5,,,24.5625,,,24.84375,,,24.546875,,,24.421875
llama3.2-1b,subscribe,control_only,pair_07,,,-0.875,,,-0.5,,,0.21875,,,0.1875,,,0.875,,,0.5,,,0.21875,,,0.1875,,,23.84375,,,24.28125,,,23.296875,,,23.328125,,,24.71875,,,24.78125,,,23.515625,,,23.515625
llama3.2-1b,subscribe,control_only,pair_08,,,-1.359375,,,-0.78125,,,-0.9375,,,-2.1875,,,1.359375,,,0.78125,,,-0.9375,,,-2.1875,,,23.859375,,,24.4375,,,24.609375,,,25.5625,,,25.21875,,,25.21875,,,23.671875,,,23.375
llama3.2-1b,subscribe,control_only,pair_09,,,-0.140625,,,-0.109375,,,0.546875,,,1.390625,,,0.140625,,,0.109375,,,0.546875,,,1.390625,,,24.4375,,,24.515625,,,22.875,,,22.15625,,,24.578125,,,24.625,,,23.421875,,,23.546875
llama3.2-1b,subscribe,control_only,pair_10,,,-2.28125,,,-1.828125,,,-0.390625,,,-0.84375,,,2.28125,,,1.828125,,,-0.390625,,,-0.84375,,,22.546875,,,23.234375,,,23.578125,,,24.078125,,,24.828125,,,25.0625,,,23.1875,,,23.234375
llama3.2-1b,subscribe,control_only,pair_11,,,-2.140625,,,-1.453125,,,0.84375,,,0.546875,,,2.140625,,,1.453125,,,0.84375,,,0.546875,,,21.71875,,,22.46875,,,23.515625,,,23.796875,,,23.859375,,,23.921875,,,24.359375,,,24.34375
llama3.2-1b,subscribe,control_only,pair_12,,,-1.09375,,,-0.5,,,0.375,,,0.671875,,,1.09375,,,0.5,,,0.375,,,0.671875,,,22.71875,,,23.40625,,,23.328125,,,23.09375,,,23.8125,,,23.90625,,,23.703125,,,23.765625
llama3.2-1b,subscribe,control_only,pair_13,,,-0.96875,,,-0.1875,,,0.078125,,,-0.765625,,,0.96875,,,0.1875,,,0.078125,,,-0.765625,,,24.21875,,,24.796875,,,24.84375,,,25.71875,,,25.1875,,,24.984375,,,24.921875,,,24.953125
llama3.2-1b,subscribe,control_only,pair_14,,,0.609375,,,0.5625,,,0.78125,,,0.796875,,,-0.609375,,,-0.5625,,,0.78125,,,0.796875,,,25.203125,,,25.5625,,,23.859375,,,24.03125,,,24.59375,,,25.0,,,24.640625,,,24.828125
llama3.2-1b,subscribe,control_only,pair_15,,,0.859375,,,1.125,,,0.59375,,,0.8125,,,-0.859375,,,-1.125,,,0.59375,,,0.8125,,,25.0,,,25.359375,,,23.546875,,,23.828125,,,24.140625,,,24.234375,,,24.140625,,,24.640625
llama3.2-1b,subscribe,control_only,pair_16,,,-0.671875,,,-0.203125,,,1.390625,,,0.9375,,,0.671875,,,0.203125,,,1.390625,,,0.9375,,,24.296875,,,24.3125,,,23.125,,,23.5,,,24.96875,,,24.515625,,,24.515625,,,24.4375
llama3.2-1b,subscribe,control_only,pair_17,,,-1.0,,,-0.203125,,,0.59375,,,0.328125,,,1.0,,,0.203125,,,0.59375,,,0.328125,,,23.46875,,,24.296875,,,23.3125,,,23.796875,,,24.46875,,,24.5,,,23.90625,,,24.125
llama3.2-1b,subscribe,control_only,pair_18,,,0.390625,,,0.703125,,,-0.1875,,,-0.390625,,,-0.390625,,,-0.703125,,,-0.1875,,,-0.390625,,,24.75,,,25.125,,,23.90625,,,24.34375,,,24.359375,,,24.421875,,,23.71875,,,23.953125
llama3.2-1b,subscribe,control_only,pair_19,,,-1.046875,,,-0.390625,,,1.671875,,,1.328125,,,1.046875,,,0.390625,,,1.671875,,,1.328125,,,22.890625,,,23.40625,,,23.296875,,,23.484375,,,23.9375,,,23.796875,,,24.96875,,,24.8125
llama3.2-1b,subscribe,control_only,pair_20,,,-2.125,,,-1.625,,,-1.15625,,,-1.578125,,,2.125,,,1.625,,,-1.15625,,,-1.578125,,,22.75,,,23.5625,,,24.640625,,,25.25,,,24.875,,,25.1875,,,23.484375,,,23.671875
llama3.2-1b,subscribe,control_only,pair_21,,,-0.0625,,,0.203125,,,1.15625,,,0.53125,,,0.0625,,,-0.203125,,,1.15625,,,0.53125,,,24.09375,,,24.171875,,,22.265625,,,22.890625,,,24.15625,,,23.96875,,,23.421875,,,23.421875
llama3.2-1b,subscribe,control_only,pair_22,,,0.09375,,,-0.171875,,,0.828125,,,0.828125,,,-0.09375,,,0.171875,,,0.828125,,,0.828125,,,24.890625,,,25.140625,,,23.859375,,,24.078125,,,24.796875,,,25.3125,,,24.6875,,,24.90625
llama3.2-1b,subscribe,control_only,pair_23,,,-0.25,,,-0.03125,,,0.15625,,,-0.140625,,,0.25,,,0.03125,,,0.15625,,,-0.140625,,,23.78125,,,24.09375,,,22.984375,,,23.34375,,,24.03125,,,24.125,,,23.140625,,,23.203125
llama3.2-1b,subscribe,control_only,pair_24,,,-1.0,,,-0.890625,,,0.53125,,,0.546875,,,1.0,,,0.890625,,,0.53125,,,0.546875,,,23.40625,,,23.75,,,22.65625,,,22.578125,,,24.40625,,,24.640625,,,23.1875,,,23.125
llama3.2-1b,subscribe,control_only,pair_25,,,-2.53125,,,-1.609375,,,0.78125,,,0.859375,,,2.53125,,,1.609375,,,0.78125,,,0.859375,,,21.4375,,,22.21875,,,23.171875,,,23.09375,,,23.96875,,,23.828125,,,23.953125,,,23.953125
llama3.2-1b,subscribe,control_only,pair_26,,,-2.234375,,,-1.359375,,,-1.1875,,,-1.578125,,,2.234375,,,1.359375,,,-1.1875,,,-1.578125,,,22.796875,,,23.9375,,,24.984375,,,25.609375,,,25.03125,,,25.296875,,,23.796875,,,24.03125
llama3.2-1b,subscribe,control_only,pair_27,,,0.6875,,,1.0,,,1.0625,,,1.140625,,,-0.6875,,,-1.0,,,1.0625,,,1.140625,,,24.703125,,,24.84375,,,23.921875,,,23.9375,,,24.015625,,,23.84375,,,24.984375,,,25.078125
llama3.2-1b,subscribe,control_only,pair_28,,,0.28125,,,0.3125,,,0.515625,,,0.578125,,,-0.28125,,,-0.3125,,,0.515625,,,0.578125,,,25.125,,,25.5,,,24.03125,,,24.515625,,,24.84375,,,25.1875,,,24.546875,,,25.09375
llama3.2-1b,subscribe,control_only,pair_29,,,0.5,,,0.078125,,,1.03125,,,2.171875,,,-0.5,,,-0.078125,,,1.03125,,,2.171875,,,25.140625,,,25.046875,,,23.59375,,,22.890625,,,24.640625,,,24.96875,,,24.625,,,25.0625
llama3.2-1b,subscribe,control_only,pair_30,,,1.015625,,,0.953125,,,1.015625,,,0.921875,,,-1.015625,,,-0.953125,,,1.015625,,,0.921875,,,25.046875,,,25.28125,,,23.046875,,,22.96875,,,24.03125,,,24.328125,,,24.0625,,,23.890625
llama3.2-1b,subscribe,control_only,pair_31,,,-0.515625,,,0.421875,,,0.484375,,,-0.0625,,,0.515625,,,-0.421875,,,0.484375,,,-0.0625,,,24.03125,,,24.421875,,,22.578125,,,23.15625,,,24.546875,,,24.0,,,23.0625,,,23.09375
llama3.2-1b,subscribe,control_only,pair_32,,,0.5625,,,1.0625,,,0.703125,,,0.765625,,,-0.5625,,,-1.0625,,,0.703125,,,0.765625,,,24.921875,,,25.296875,,,23.546875,,,23.921875,,,24.359375,,,24.234375,,,24.25,,,24.6875
llama3.2-1b,subscribe,control_only,pair_33,,,-1.90625,,,-1.078125,,,-0.71875,,,-1.40625,,,1.90625,,,1.078125,,,-0.71875,,,-1.40625,,,22.921875,,,23.875,,,25.0,,,25.671875,,,24.828125,,,24.953125,,,24.28125,,,24.265625
llama3.2-1b,subscribe,control_only,pair_34,,,0.046875,,,0.703125,,,1.296875,,,1.1875,,,-0.046875,,,-0.703125,,,1.296875,,,1.1875,,,23.390625,,,23.703125,,,22.625,,,22.796875,,,23.34375,,,23.0,,,23.921875,,,23.984375
llama3.2-1b,subscribe,control_only,pair_35,,,-1.046875,,,-0.84375,,,0.765625,,,0.625,,,1.046875,,,0.84375,,,0.765625,,,0.625,,,22.71875,,,22.890625,,,23.5625,,,23.859375,,,23.765625,,,23.734375,,,24.328125,,,24.484375
llama3.2-1b,subscribe,control_only,pair_36,,,-0.40625,,,-0.28125,,,0.375,,,0.1875,,,0.40625,,,0.28125,,,0.375,,,0.1875,,,24.140625,,,24.28125,,,22.703125,,,22.9375,,,24.546875,,,24.5625,,,23.078125,,,23.125
llama3.2-1b,subscribe,control_only,pair_37,,,-0.921875,,,-0.59375,,,-0.15625,,,-0.78125,,,0.921875,,,0.59375,,,-0.15625,,,-0.78125,,,23.21875,,,23.96875,,,23.859375,,,24.390625,,,24.140625,,,24.5625,,,23.703125,,,23.609375
llama3.2-1b,subscribe,control_only,pair_38,,,-1.546875,,,-0.3125,,,1.046875,,,0.8125,,,1.546875,,,0.3125,,,1.046875,,,0.8125,,,23.0625,,,24.03125,,,23.28125,,,23.75,,,24.609375,,,24.34375,,,24.328125,,,24.5625
llama3.2-1b,subscribe,control_only,pair_39,,,-2.09375,,,-1.703125,,,-0.109375,,,-0.25,,,2.09375,,,1.703125,,,-0.109375,,,-0.25,,,22.5625,,,23.203125,,,23.046875,,,23.28125,,,24.65625,,,24.90625,,,22.9375,,,23.03125
llama3.2-1b,subscribe,control_only,pair_40,,,-0.109375,,,0.3125,,,1.296875,,,1.25,,,0.109375,,,-0.3125,,,1.296875,,,1.25,,,23.890625,,,24.421875,,,22.5625,,,22.578125,,,24.0,,,24.109375,,,23.859375,,,23.828125
llama3.2-1b,subscribe,control_only,pair_41,,,-0.5,,,-0.109375,,,0.078125,,,-0.046875,,,0.5,,,0.109375,,,0.078125,,,-0.046875,,,23.875,,,24.65625,,,23.78125,,,23.96875,,,24.375,,,24.765625,,,23.859375,,,23.921875
llama3.2-1b,subscribe,control_only,pair_42,,,0.25,,,0.4375,,,0.234375,,,0.125,,,-0.25,,,-0.4375,,,0.234375,,,0.125,,,23.78125,,,23.9375,,,23.125,,,23.203125,,,23.53125,,,23.5,,,23.359375,,,23.328125
llama3.2-1b,subscribe,control_only,pair_43,,,-0.03125,,,0.515625,,,1.234375,,,1.28125,,,0.03125,,,-0.515625,,,1.234375,,,1.28125,,,25.21875,,,25.609375,,,24.046875,,,24.171875,,,25.25,,,25.09375,,,25.28125,,,25.453125
llama3.2-1b,subscribe,control_only,pair_44,,,0.375,,,0.4375,,,0.40625,,,0.953125,,,-0.375,,,-0.4375,,,0.40625,,,0.953125,,,24.96875,,,25.1875,,,23.0625,,,22.640625,,,24.59375,,,24.75,,,23.46875,,,23.59375
llama3.2-1b,subscribe,control_only,pair_45,,,0.96875,,,1.0625,,,1.046875,,,1.328125,,,-0.96875,,,-1.0625,,,1.046875,,,1.328125,,,25.5,,,25.734375,,,23.890625,,,23.953125,,,24.53125,,,24.671875,,,24.9375,,,25.28125
llama3.2-1b,subscribe,neither,pair_01,,,0.03125,,,0.390625,,,0.703125,,,1.328125,,,-0.03125,,,-0.390625,,,0.703125,,,1.328125,,,24.34375,,,24.359375,,,23.21875,,,22.859375,,,24.3125,,,23.96875,,,23.921875,,,24.1875
llama3.2-1b,subscribe,neither,pair_02,,,0.4375,,,0.15625,,,0.109375,,,0.359375,,,-0.4375,,,-0.15625,,,0.109375,,,0.359375,,,24.859375,,,24.328125,,,23.296875,,,22.75,,,24.421875,,,24.171875,,,23.40625,,,23.109375
llama3.2-1b,subscribe,neither,pair_03,,,0.109375,,,0.140625,,,1.609375,,,1.328125,,,-0.109375,,,-0.140625,,,1.609375,,,1.328125,,,23.546875,,,23.46875,,,22.421875,,,22.640625,,,23.4375,,,23.328125,,,24.03125,,,23.96875
llama3.2-1b,subscribe,neither,pair_04,,,-1.46875,,,-0.96875,,,0.546875,,,0.078125,,,1.46875,,,0.96875,,,0.546875,,,0.078125,,,22.078125,,,22.046875,,,22.78125,,,22.828125,,,23.546875,,,23.015625,,,23.328125,,,22.90625
llama3.2-1b,subscribe,neither,pair_05,,,-0.9375,,,-1.21875,,,0.0,,,0.203125,,,0.9375,,,1.21875,,,0.0,,,0.203125,,,23.34375,,,22.953125,,,23.640625,,,23.421875,,,24.28125,,,24.171875,,,23.640625,,,23.625
llama3.2-1b,subscribe,neither,pair_06,,,-0.609375,,,-1.109375,,,0.9375,,,0.625,,,0.609375,,,1.109375,,,0.9375,,,0.625,,,23.25,,,23.015625,,,23.25,,,23.421875,,,23.859375,,,24.125,,,24.1875,,,24.046875
llama3.2-1b,subscribe,neither,pair_07,,,-0.96875,,,-0.453125,,,0.140625,,,0.1875,,,0.96875,,,0.453125,,,0.140625,,,0.1875,,,23.375,,,23.546875,,,22.921875,,,22.671875,,,24.34375,,,24.0,,,23.0625,,,22.859375
llama3.2-1b,subscribe,neither,pair_08,,,-1.625,,,-1.09375,,,-0.84375,,,-1.421875,,,1.625,,,1.09375,,,-0.84375,,,-1.421875,,,23.3125,,,23.828125,,,24.265625,,,24.515625,,,24.9375,,,24.921875,,,23.421875,,,23.09375
llama3.2-1b,subscribe,neither,pair_09,,,-0.9375,,,-0.5,,,0.109375,,,0.84375,,,0.9375,,,0.5,,,0.109375,,,0.84375,,,23.8125,,,23.78125,,,22.890625,,,21.984375,,,24.75,,,24.28125,,,23.0,,,22.828125
llama3.2-1b,subscribe,neither,pair_10,,,-1.8125,,,-2.109375,,,-0.0625,,,-0.1875,,,1.8125,,,2.109375,,,-0.0625,,,-0.1875,,,22.4375,,,22.40625,,,22.90625,,,22.90625,,,24.25,,,24.515625,,,22.84375,,,22.71875
llama3.2-1b,subscribe,neither,pair_11,,,-1.890625,,,-1.984375,,,1.46875,,,0.84375,,,1.890625,,,1.984375,,,1.46875,,,0.84375,,,21.578125,,,21.28125,,,22.546875,,,22.765625,,,23.46875,,,23.265625,,,24.015625,,,23.609375
llama3.2-1b,subscribe,neither,pair_12,,,-0.671875,,,-0.46875,,,0.703125,,,1.203125,,,0.671875,,,0.46875,,,0.703125,,,1.203125,,,22.5625,,,22.65625,,,22.625,,,22.015625,,,23.234375,,,23.125,,,23.328125,,,23.21875
llama3.2-1b,subscribe,neither,pair_13,,,-0.828125,,,-0.640625,,,-0.140625,,,-0.34375,,,0.828125,,,0.640625,,,-0.140625,,,-0.34375,,,23.890625,,,23.984375,,,24.484375,,,24.703125,,,24.71875,,,24.625,,,24.34375,,,24.359375
llama3.2-1b,subscribe,neither,pair_14,,,0.46875,,,0.453125,,,0.609375,,,1.421875,,,-0.46875,,,-0.453125,,,0.609375,,,1.421875,,,24.4375,,,24.421875,,,23.5625,,,22.765625,,,23.96875,,,23.96875,,,24.171875,,,24.1875
llama3.2-1b,subscribe,neither,pair_15,,,0.25,,,0.359375,,,1.890625,,,2.5,,,-0.25,,,-0.359375,,,1.890625,,,2.5,,,24.25,,,24.109375,,,22.125,,,21.78125,,,24.0,,,23.75,,,24.015625,,,24.28125
llama3.2-1b,subscribe,neither,pair_16,,,-0.625,,,-0.234375,,,1.6875,,,1.484375,,,0.625,,,0.234375,,,1.6875,,,1.484375,,,24.25,,,23.875,,,22.375,,,22.375,,,24.875,,,24.109375,,,24.0625,,,23.859375
llama3.2-1b,subscribe,neither,pair_17,,,-1.265625,,,-1.078125,,,0.5,,,0.578125,,,1.265625,,,1.078125,,,0.5,,,0.578125,,,23.03125,,,23.203125,,,23.0625,,,22.859375,,,24.296875,,,24.28125,,,23.5625,,,23.4375
llama3.2-1b,subscribe,neither,pair_18,,,0.03125,,,0.078125,,,-0.234375,,,-0.21875,,,-0.03125,,,-0.078125,,,-0.234375,,,-0.21875,,,24.265625,,,24.09375,,,23.59375,,,23.5,,,24.234375,,,24.015625,,,23.359375,,,23.28125
llama3.2-1b,subscribe,neither,pair_19,,,0.28125,,,0.171875,,,1.765625,,,1.703125,,,-0.28125,,,-0.171875,,,1.765625,,,1.703125,,,23.421875,,,23.125,,,22.84375,,,22.609375,,,23.140625,,,22.953125,,,24.609375,,,24.3125
llama3.2-1b,subscribe,neither,pair_20,,,-2.0,,,-1.828125,,,-0.859375,,,-1.046875,,,2.0,,,1.828125,,,-0.859375,,,-1.046875,,,22.484375,,,22.9375,,,24.140625,,,24.21875,,,24.484375,,,24.765625,,,23.28125,,,23.171875
llama3.2-1b,subscribe,neither,pair_21,,,-0.40625,,,-0.125,,,1.921875,,,1.109375,,,0.40625,,,0.125,,,1.921875,,,1.109375,,,23.4375,,,23.296875,,,21.46875,,,22.03125,,,23.84375,,,23.421875,,,23.390625,,,23.140625
llama3.2-1b,subscribe,neither,pair_22,,,0.0,,,-0.625,,,0.4375,,,1.234375,,,-0.0,,,0.625,,,0.4375,,,1.234375,,,24.234375,,,23.671875,,,23.734375,,,22.953125,,,24.234375,,,24.296875,,,24.171875,,,24.1875
llama3.2-1b,subscribe,neither,pair_23,,,-0.578125,,,-0.515625,,,1.265625,,,1.328125,,,0.578125,,,0.515625,,,1.265625,,,1.328125,,,23.21875,,,23.21875,,,21.6875,,,21.5625,,,23.796875,,,23.734375,,,22.953125,,,22.890625
llama3.2-1b,subscribe,neither,pair_24,,,-0.859375,,,-1.53125,,,0.875,,,1.203125,,,0.859375,,,1.53125,,,0.875,,,1.203125,,,23.3125,,,22.8125,,,22.078125,,,21.4375,,,24.171875,,,24.34375,,,22.953125,,,22.640625
llama3.2-1b,subscribe,neither,pair_25,,,-1.75,,,-1.296875,,,0.8125,,,1.109375,,,1.75,,,1.296875,,,0.8125,,,1.109375,,,21.625,,,21.75,,,22.78125,,,22.21875,,,23.375,,,23.046875,,,23.59375,,,23.328125
llama3.2-1b,subscribe,neither,pair_26,,,-2.046875,,,-1.546875,,,-0.953125,,,-1.046875,,,2.046875,,,1.546875,,,-0.953125,,,-1.046875,,,22.609375,,,23.25,,,24.359375,,,24.40625,,,24.65625,,,24.796875,,,23.40625,,,23.359375
llama3.2-1b,subscribe,neither,pair_27,,,0.75,,,0.640625,,,1.5,,,1.421875,,,-0.75,,,-0.640625,,,1.5,,,1.421875,,,24.25,,,23.921875,,,23.0,,,22.859375,,,23.5,,,23.28125,,,24.5,,,24.28125
llama3.2-1b,subscribe,neither,pair_28,,,0.046875,,,0.125,,,0.453125,,,0.765625,,,-0.046875,,,-0.125,,,0.453125,,,0.765625,,,24.4375,,,24.46875,,,23.796875,,,23.640625,,,24.390625,,,24.34375,,,24.25,,,24.40625
llama3.2-1b,subscribe,neither,pair_29,,,0.078125,,,-0.796875,,,0.359375,,,1.859375,,,-0.078125,,,0.796875,,,0.359375,,,1.859375,,,24.515625,,,23.578125,,,23.890625,,,22.4375,,,24.4375,,,24.375,,,24.25,,,24.296875
llama3.2-1b,subscribe,neither,pair_30,,,0.828125,,,0.828125,,,0.328125,,,0.984375,,,-0.828125,,,-0.828125,,,0.328125,,,0.984375,,,24.53125,,,24.34375,,,23.203125,,,22.125,,,23.703125,,,23.515625,,,23.53125,,,23.109375
llama3.2-1b,subscribe,neither,pair_31,,,-0.78125,,,-0.046875,,,0.65625,,,0.21875,,,0.78125,,,0.046875,,,0.65625,,,0.21875,,,23.625,,,23.671875,,,22.125,,,22.3125,,,24.40625,,,23.71875,,,22.78125,,,22.53125
llama3.2-1b,subscribe,neither,pair_32,,,0.171875,,,0.5,,,1.953125,,,2.203125,,,-0.171875,,,-0.5,,,1.953125,,,2.203125,,,24.234375,,,24.0625,,,22.09375,,,21.96875,,,24.0625,,,23.5625,,,24.046875,,,24.171875
llama3.2-1b,subscribe,neither,pair_33,,,-1.875,,,-1.453125,,,-0.859375,,,-1.015625,,,1.875,,,1.453125,,,-0.859375,,,-1.015625,,,22.53125,,,23.03125,,,24.59375,,,24.65625,,,24.40625,,,24.484375,,,23.734375,,,23.640625
llama3.2-1b,subscribe,neither,pair_34,,,0.84375,,,1.421875,,,1.453125,,,1.78125,,,-0.84375,,,-1.421875,,,1.453125,,,1.78125,,,23.734375,,,23.640625,,,22.296875,,,22.03125,,,22.890625,,,22.21875,,,23.75,,,23.8125
llama3.2-1b,subscribe,neither,pair_35,,,-0.171875,,,-0.578125,,,1.53125,,,1.359375,,,0.171875,,,0.578125,,,1.53125,,,1.359375,,,22.984375,,,22.4375,,,22.59375,,,22.6875,,,23.15625,,,23.015625,,,24.125,,,24.046875
llama3.2-1b,subscribe,neither,pair_36,,,-1.171875,,,-0.890625,,,0.875,,,0.640625,,,1.171875,,,0.890625,,,0.875,,,0.640625,,,23.453125,,,23.359375,,,21.890625,,,21.921875,,,24.625,,,24.25,,,22.765625,,,22.5625
llama3.2-1b,subscribe,neither,pair_37,,,-1.0,,,-1.0,,,0.109375,,,-0.1875,,,1.0,,,1.0,,,0.109375,,,-0.1875,,,22.859375,,,23.203125,,,23.28125,,,23.328125,,,23.859375,,,24.203125,,,23.390625,,,23.140625
llama3.2-1b,subscribe,neither,pair_38,,,-1.25,,,-0.59375,,,0.5,,,0.828125,,,1.25,,,0.59375,,,0.5,,,0.828125,,,22.9375,,,23.15625,,,23.28125,,,23.03125,,,24.1875,,,23.75,,,23.78125,,,23.859375
llama3.2-1b,subscribe,neither,pair_39,,,-1.640625,,,-2.203125,,,1.078125,,,1.484375,,,1.640625,,,2.203125,,,1.078125,,,1.484375,,,22.484375,,,22.125,,,21.59375,,,21.0,,,24.125,,,24.328125,,,22.671875,,,22.484375
llama3.2-1b,subscribe,neither,pair_40,,,-0.328125,,,-0.078125,,,1.8125,,,1.703125,,,0.328125,,,0.078125,,,1.8125,,,1.703125,,,23.5625,,,23.65625,,,21.703125,,,21.46875,,,23.890625,,,23.734375,,,23.515625,,,23.171875
llama3.2-1b,subscribe,neither,pair_41,,,-0.09375,,,0.109375,,,0.453125,,,1.390625,,,0.09375,,,-0.109375,,,0.453125,,,1.390625,,,23.546875,,,23.796875,,,23.578125,,,22.546875,,,23.640625,,,23.6875,,,24.03125,,,23.9375
llama3.2-1b,subscribe,neither,pair_42,,,0.109375,,,0.078125,,,1.03125,,,0.8125,,,-0.109375,,,-0.078125,,,1.03125,,,0.8125,,,23.25,,,23.15625,,,22.140625,,,22.109375,,,23.140625,,,23.078125,,,23.171875,,,22.921875
llama3.2-1b,subscribe,neither,pair_43,,,-0.15625,,,0.25,,,0.90625,,,1.0625,,,0.15625,,,-0.25,,,0.90625,,,1.0625,,,24.75,,,24.78125,,,23.78125,,,23.59375,,,24.90625,,,24.53125,,,24.6875,,,24.65625
llama3.2-1b,subscribe,neither,pair_44,,,-0.4375,,,-0.375,,,-0.09375,,,0.984375,,,0.4375,,,0.375,,,-0.09375,,,0.984375,,,24.3125,,,24.125,,,23.359375,,,21.96875,,,24.75,,,24.5,,,23.265625,,,22.953125
llama3.2-1b,subscribe,neither,pair_45,,,0.796875,,,0.1875,,,0.78125,,,1.6875,,,-0.796875,,,-0.1875,,,0.78125,,,1.6875,,,25.0625,,,24.375,,,23.625,,,22.6875,,,24.265625,,,24.1875,,,24.40625,,,24.375
llama3.2-1b,subscribe,target_only,pair_01,,,-0.015625,,,0.0,,,1.4375,,,2.0625,,,0.015625,,,-0.0,,,1.4375,,,2.0625,,,24.609375,,,24.578125,,,23.453125,,,23.265625,,,24.625,,,24.578125,,,24.890625,,,25.328125
llama3.2-1b,subscribe,target_only,pair_02,,,-0.796875,,,-1.234375,,,1.390625,,,1.390625,,,0.796875,,,1.234375,,,1.390625,,,1.390625,,,24.640625,,,24.34375,,,23.203125,,,23.0625,,,25.4375,,,25.578125,,,24.59375,,,24.453125
llama3.2-1b,subscribe,target_only,pair_03,,,-1.0625,,,-1.046875,,,2.34375,,,1.875,,,1.0625,,,1.046875,,,2.34375,,,1.875,,,23.25,,,23.375,,,22.796875,,,23.40625,,,24.3125,,,24.421875,,,25.140625,,,25.28125
llama3.2-1b,subscribe,target_only,pair_04,,,-2.3125,,,-1.921875,,,0.953125,,,0.5625,,,2.3125,,,1.921875,,,0.953125,,,0.5625,,,22.046875,,,22.359375,,,23.421875,,,23.796875,,,24.359375,,,24.28125,,,24.375,,,24.359375
llama3.2-1b,subscribe,target_only,pair_05,,,-1.625,,,-2.28125,,,0.4375,,,0.953125,,,1.625,,,2.28125,,,0.4375,,,0.953125,,,23.375,,,22.984375,,,24.171875,,,24.125,,,25.0,,,25.265625,,,24.609375,,,25.078125
llama3.2-1b,subscribe,target_only,pair_06,,,-1.578125,,,-2.03125,,,1.46875,,,1.34375,,,1.578125,,,2.03125,,,1.46875,,,1.34375,,,23.25,,,23.203125,,,23.40625,,,23.796875,,,24.828125,,,25.234375,,,24.875,,,25.140625
llama3.2-1b,subscribe,target_only,pair_07,,,-1.09375,,,-0.890625,,,0.546875,,,0.6875,,,1.09375,,,0.890625,,,0.546875,,,0.6875,,,23.703125,,,23.875,,,23.1875,,,23.09375,,,24.796875,,,24.765625,,,23.734375,,,23.78125
llama3.2-1b,subscribe,target_only,pair_08,,,-2.953125,,,-2.296875,,,-0.21875,,,-0.671875,,,2.953125,,,2.296875,,,-0.21875,,,-0.671875,,,22.9375,,,23.796875,,,24.109375,,,24.671875,,,25.890625,,,26.09375,,,23.890625,,,24.0
llama3.2-1b,subscribe,target_only,pair_09,,,-1.0625,,,-1.21875,,,1.15625,,,1.953125,,,1.0625,,,1.21875,,,1.15625,,,1.953125,,,24.390625,,,24.171875,,,22.734375,,,21.9375,,,25.453125,,,25.390625,,,23.890625,,,23.890625
llama3.2-1b,subscribe,target_only,pair_10,,,-2.234375,,,-2.546875,,,0.765625,,,0.828125,,,2.234375,,,2.546875,,,0.765625,,,0.828125,,,22.984375,,,23.171875,,,22.90625,,,23.046875,,,25.21875,,,25.71875,,,23.671875,,,23.875
llama3.2-1b,subscribe,target_only,pair_11,,,-2.5625,,,-2.78125,,,1.8125,,,1.390625,,,2.5625,,,2.78125,,,1.8125,,,1.390625,,,21.84375,,,21.703125,,,22.9375,,,23.296875,,,24.40625,,,24.484375,,,24.75,,,24.6875
llama3.2-1b,subscribe,target_only,pair_12,,,-1.5625,,,-1.40625,,,1.328125,,,1.875,,,1.5625,,,1.40625,,,1.328125,,,1.875,,,22.484375,,,22.796875,,,22.765625,,,22.375,,,24.046875,,,24.203125,,,24.09375,,,24.25
llama3.2-1b,subscribe,target_only,pair_13,,,-1.890625,,,-1.578125,,,0.875,,,0.90625,,,1.890625,,,1.578125,,,0.875,,,0.90625,,,23.859375,,,24.296875,,,24.328125,,,24.796875,,,25.75,,,25.875,,,25.203125,,,25.703125
llama3.2-1b,subscribe,target_only,pair_14,,,0.03125,,,-0.125,,,1.59375,,,2.109375,,,-0.03125,,,0.125,,,1.59375,,,2.109375,,,24.484375,,,24.5625,,,23.828125,,,23.5625,,,24.453125,,,24.6875,,,25.421875,,,25.671875
llama3.2-1b,subscribe,target_only,pair_15,,,-0.703125,,,-1.03125,,,2.328125,,,2.859375,,,0.703125,,,1.03125,,,2.328125,,,2.859375,,,24.453125,,,24.25,,,22.65625,,,22.421875,,,25.15625,,,25.28125,,,24.984375,,,25.28125
llama3.2-1b,subscribe,target_only,pair_16,,,-1.25,,,-1.53125,,,2.140625,,,2.265625,,,1.25,,,1.53125,,,2.140625,,,2.265625,,,24.4375,,,23.953125,,,22.515625,,,22.4375,,,25.6875,,,25.484375,,,24.65625,,,24.703125
llama3.2-1b,subscribe,target_only,pair_17,,,-2.109375,,,-2.140625,,,1.609375,,,1.84375,,,2.109375,,,2.140625,,,1.609375,,,1.84375,,,23.234375,,,23.546875,,,22.859375,,,22.921875,,,25.34375,,,25.6875,,,24.46875,,,24.765625
llama3.2-1b,subscribe,target_only,pair_18,,,-0.71875,,,-0.828125,,,0.671875,,,0.859375,,,0.71875,,,0.828125,,,0.671875,,,0.859375,,,24.09375,,,24.09375,,,23.890625,,,23.8125,,,24.8125,,,24.921875,,,24.5625,,,24.671875
llama3.2-1b,subscribe,target_only,pair_19,,,-0.5625,,,-0.765625,,,2.03125,,,1.859375,,,0.5625,,,0.765625,,,2.03125,,,1.859375,,,23.375,,,23.265625,,,23.171875,,,23.296875,,,23.9375,,,24.03125,,,25.203125,,,25.15625
llama3.2-1b,subscribe,target_only,pair_20,,,-2.9375,,,-2.703125,,,-0.375,,,-0.453125,,,2.9375,,,2.703125,,,-0.375,,,-0.453125,,,22.5625,,,23.125,,,24.109375,,,24.453125,,,25.5,,,25.828125,,,23.734375,,,24.0
llama3.2-1b,subscribe,target_only,pair_21,,,-1.8125,,,-1.671875,,,2.34375,,,1.6875,,,1.8125,,,1.671875,,,2.34375,,,1.6875,,,23.015625,,,23.0625,,,21.484375,,,22.125,,,24.828125,,,24.734375,,,23.828125,,,23.8125
llama3.2-1b,subscribe,target_only,pair_22,,,-0.265625,,,-1.21875,,,0.8125,,,1.6875,,,0.265625,,,1.21875,,,0.8125,,,1.6875,,,24.375,,,23.8125,,,24.34375,,,23.921875,,,24.640625,,,25.03125,,,25.15625,,,25.609375
llama3.2-1b,subscribe,target_only,pair_23,,,-1.71875,,,-2.046875,,,1.59375,,,1.765625,,,1.71875,,,2.046875,,,1.59375,,,1.765625,,,23.265625,,,23.171875,,,22.015625,,,21.96875,,,24.984375,,,25.21875,,,23.609375,,,23.734375
llama3.2-1b,subscribe,target_only,pair_24,,,-1.703125,,,-2.265625,,,2.15625,,,2.765625,,,1.703125,,,2.265625,,,2.15625,,,2.765625,,,23.703125,,,23.46875,,,21.515625,,,20.984375,,,25.40625,,,25.734375,,,23.671875,,,23.75
llama3.2-1b,subscribe,target_only,pair_25,,,-2.296875,,,-1.984375,,,0.984375,,,1.328125,,,2.296875,,,1.984375,,,0.984375,,,1.328125,,,21.828125,,,22.125,,,23.203125,,,22.9375,,,24.125,,,24.109375,,,24.1875,,,24.265625
llama3.2-1b,subscribe,target_only,pair_26,,,-2.84375,,,-2.3125,,,0.0,,,0.078125,,,2.84375,,,2.3125,,,0.0,,,0.078125,,,22.875,,,23.703125,,,24.234375,,,24.453125,,,25.71875,,,26.015625,,,24.234375,,,24.53125
llama3.2-1b,subscribe,target_only,pair_27,,,-0.3125,,,-0.34375,,,1.953125,,,2.0,,,0.3125,,,0.34375,,,1.953125,,,2.0,,,24.28125,,,24.203125,,,23.265625,,,23.4375,,,24.59375,,,24.546875,,,25.21875,,,25.4375
llama3.2-1b,subscribe,target_only,pair_28,,,-0.421875,,,-0.5,,,1.265625,,,1.515625,,,0.421875,,,0.5,,,1.265625,,,1.515625,,,24.46875,,,24.609375,,,24.171875,,,24.28125,,,24.890625,,,25.109375,,,25.4375,,,25.796875
llama3.2-1b,subscribe,target_only,pair_29,,,-0.15625,,,-1.375,,,0.796875,,,2.625,,,0.15625,,,1.375,,,0.796875,,,2.625,,,24.828125,,,23.9375,,,24.265625,,,22.984375,,,24.984375,,,25.3125,,,25.0625,,,25.609375
llama3.2-1b,subscribe,target_only,pair_30,,,0.390625,,,0.15625,,,1.109375,,,1.6875,,,-0.390625,,,-0.15625,,,1.109375,,,1.6875,,,24.625,,,24.46875,,,23.46875,,,22.84375,,,24.234375,,,24.3125,,,24.578125,,,24.53125
llama3.2-1b,subscribe,target_only,pair_31,,,-1.703125,,,-1.671875,,,1.40625,,,1.09375,,,1.703125,,,1.671875,,,1.40625,,,1.09375,,,23.59375,,,23.609375,,,22.09375,,,22.4375,,,25.296875,,,25.28125,,,23.5,,,23.53125
llama3.2-1b,subscribe,target_only,pair_32,,,-0.78125,,,-0.953125,,,2.390625,,,2.6875,,,0.78125,,,0.953125,,,2.390625,,,2.6875,,,24.484375,,,24.3125,,,22.5625,,,22.5625,,,25.265625,,,25.265625,,,24.953125,,,25.25
llama3.2-1b,subscribe,target_only,pair_33,,,-2.65625,,,-2.5,,,-0.0625,,,0.3125,,,2.65625,,,2.5,,,-0.0625,,,0.3125,,,22.6875,,,23.25,,,24.640625,,,24.765625,,,25.34375,,,25.75,,,24.578125,,,25.078125
llama3.2-1b,subscribe,target_only,pair_34,,,-0.0625,,,-0.03125,,,1.796875,,,2.046875,,,0.0625,,,0.03125,,,1.796875,,,2.046875,,,23.421875,,,23.40625,,,22.53125,,,22.53125,,,23.484375,,,23.4375,,,24.328125,,,24.578125
llama3.2-1b,subscribe,target_only,pair_35,,,-1.234375,,,-1.953125,,,1.890625,,,1.765625,,,1.234375,,,1.953125,,,1.890625,,,1.765625,,,22.96875,,,22.3125,,,22.875,,,23.25,,,24.203125,,,24.265625,,,24.765625,,,25.015625
llama3.2-1b,subscribe,target_only,pair_36,,,-1.984375,,,-1.859375,,,1.578125,,,1.625,,,1.984375,,,1.859375,,,1.578125,,,1.625,,,23.625,,,23.75,,,21.765625,,,21.796875,,,25.609375,,,25.609375,,,23.34375,,,23.421875
llama3.2-1b,subscribe,target_only,pair_37,,,-1.984375,,,-1.890625,,,0.734375,,,0.5,,,1.984375,,,1.890625,,,0.734375,,,0.5,,,22.90625,,,23.4375,,,23.171875,,,23.484375,,,24.890625,,,25.328125,,,23.90625,,,23.984375
llama3.2-1b,subscribe,target_only,pair_38,,,-1.4375,,,-0.828125,,,0.984375,,,1.390625,,,1.4375,,,0.828125,,,0.984375,,,1.390625,,,23.296875,,,23.625,,,23.640625,,,23.59375,,,24.734375,,,24.453125,,,24.625,,,24.984375
llama3.2-1b,subscribe,target_only,pair_39,,,-2.28125,,,-2.875,,,1.46875,,,2.125,,,2.28125,,,2.875,,,1.46875,,,2.125,,,23.109375,,,22.84375,,,22.03125,,,21.4375,,,25.390625,,,25.71875,,,23.5,,,23.5625
llama3.2-1b,subscribe,target_only,pair_40,,,-1.28125,,,-1.171875,,,3.03125,,,3.1875,,,1.28125,,,1.171875,,,3.03125,,,3.1875,,,23.6875,,,23.984375,,,21.296875,,,21.1875,,,24.96875,,,25.15625,,,24.328125,,,24.375
llama3.2-1b,subscribe,target_only,pair_41,,,-0.765625,,,-0.734375,,,1.109375,,,1.828125,,,0.765625,,,0.734375,,,1.109375,,,1.828125,,,23.3125,,,23.625,,,24.078125,,,23.453125,,,24.078125,,,24.359375,,,25.1875,,,25.28125
llama3.2-1b,subscribe,target_only,pair_42,,,-1.078125,,,-1.390625,,,1.4375,,,1.328125,,,1.078125,,,1.390625,,,1.4375,,,1.328125,,,23.140625,,,23.0,,,22.3125,,,22.484375,,,24.21875,,,24.390625,,,23.75,,,23.8125
llama3.2-1b,subscribe,target_only,pair_43,,,-0.296875,,,-0.03125,,,1.53125,,,1.765625,,,0.296875,,,0.03125,,,1.53125,,,1.765625,,,25.0625,,,25.125,,,24.015625,,,24.09375,,,25.359375,,,25.15625,,,25.546875,,,25.859375
llama3.2-1b,subscribe,target_only,pair_44,,,-1.109375,,,-1.328125,,,0.984375,,,2.1875,,,1.109375,,,1.328125,,,0.984375,,,2.1875,,,24.296875,,,24.203125,,,23.34375,,,22.140625,,,25.40625,,,25.53125,,,24.328125,,,24.328125
llama3.2-1b,subscribe,target_only,pair_45,,,0.265625,,,-0.65625,,,1.375,,,2.4375,,,-0.265625,,,0.65625,,,1.375,,,2.4375,,,25.234375,,,24.8125,,,23.875,,,23.203125,,,24.96875,,,25.46875,,,25.25,,,25.640625
llama3.2-1b,useEffect,both,pair_01,0.6875,0.65625,,0.46875,0.515625,,1.796875,0.96875,,2.0,0.859375,,-0.6875,-0.65625,,-0.46875,-0.515625,,1.796875,0.96875,,2.0,0.859375,,26.734375,26.796875,,26.484375,26.421875,,24.578125,24.96875,,24.6875,25.5,,26.046875,26.140625,,26.015625,25.90625,,26.375,25.9375,,26.6875,26.359375,
llama3.2-1b,useEffect,both,pair_02,-1.09375,1.0,,-0.59375,2.140625,,0.546875,2.71875,,0.078125,1.765625,,1.09375,-1.0,,0.59375,-2.140625,,0.546875,2.71875,,0.078125,1.765625,,25.328125,26.640625,,25.953125,26.90625,,25.609375,23.546875,,25.578125,24.53125,,26.421875,25.640625,,26.546875,24.765625,,26.15625,26.265625,,25.65625,26.296875,
llama3.2-1b,useEffect,both,pair_03,0.21875,1.65625,,0.71875,1.4375,,2.3125,3.109375,,1.75,2.71875,,-0.21875,-1.65625,,-0.71875,-1.4375,,2.3125,3.109375,,1.75,2.71875,,25.5,26.875,,26.125,26.625,,24.84375,24.0625,,25.234375,24.6875,,25.28125,25.21875,,25.40625,25.1875,,27.15625,27.171875,,26.984375,27.40625,
llama3.2-1b,useEffect,both,pair_04,-2.640625,-0.6875,,-1.109375,0.296875,,0.828125,1.921875,,0.4375,1.5625,,2.640625,0.6875,,1.109375,-0.296875,,0.828125,1.921875,,0.4375,1.5625,,23.25,25.28125,,24.625,25.6875,,25.5,24.5625,,25.6875,25.0625,,25.890625,25.96875,,25.734375,25.390625,,26.328125,26.484375,,26.125,26.625,
llama3.2-1b,useEffect,both,pair_05,-0.78125,0.078125,,-0.296875,0.875,,0.703125,2.328125,,0.390625,1.75,,0.78125,-0.078125,,0.296875,-0.875,,0.703125,2.328125,,0.390625,1.75,,25.25,26.234375,,25.953125,26.65625,,25.828125,24.515625,,26.015625,25.3125,,26.03125,26.15625,,26.25,25.78125,,26.53125,26.84375,,26.40625,27.0625,
llama3.2-1b,useEffect,both,pair_06,-1.578125,-1.125,,-0.875,-0.96875,,0.703125,1.984375,,-0.109375,1.5625,,1.578125,1.125,,0.875,0.96875,,0.703125,1.984375,,-0.109375,1.5625,,24.578125,25.453125,,25.0625,25.234375,,25.484375,24.234375,,25.859375,24.84375,,26.15625,26.578125,,25.9375,26.203125,,26.1875,26.21875,,25.75,26.40625,
llama3.2-1b,useEffect,both,pair_07,-1.078125,-0.3125,,-0.875,-0.140625,,0.875,0.78125,,0.828125,-0.09375,,1.078125,0.3125,,0.875,0.140625,,0.875,0.78125,,0.828125,-0.09375,,25.375,25.84375,,25.46875,25.671875,,24.828125,24.5625,,25.0625,25.40625,,26.453125,26.15625,,26.34375,25.8125,,25.703125,25.34375,,25.890625,25.3125,
llama3.2-1b,useEffect,both,pair_08,-2.328125,-0.796875,,-1.546875,-0.40625,,-0.21875,0.46875,,-1.40625,-0.203125,,2.328125,0.796875,,1.546875,0.40625,,-0.21875,0.46875,,-1.40625,-0.203125,,24.171875,25.71875,,24.953125,25.828125,,25.734375,24.984375,,26.1875,25.703125,,26.5,26.515625,,26.5,26.234375,,25.515625,25.453125,,24.78125,25.5,
llama3.2-1b,useEffect,both,pair_09,-3.46875,-0.078125,,-2.203125,0.734375,,0.21875,1.609375,,-0.46875,0.625,,3.46875,0.078125,,2.203125,-0.734375,,0.21875,1.609375,,-0.46875,0.625,,23.640625,26.234375,,25.015625,26.171875,,25.828125,24.265625,,25.78125,25.03125,,27.109375,26.3125,,27.21875,25.4375,,26.046875,25.875,,25.3125,25.65625,
llama3.2-1b,useEffect,both,pair_10,-2.265625,-1.59375,,-1.71875,-1.3125,,0.4375,1.109375,,-0.171875,0.96875,,2.265625,1.59375,,1.71875,1.3125,,0.4375,1.109375,,-0.171875,0.96875,,24.125,25.546875,,24.6875,25.46875,,25.125,24.140625,,25.28125,24.40625,,26.390625,27.140625,,26.40625,26.78125,,25.5625,25.25,,25.109375,25.375,
llama3.2-1b,useEffect,both,pair_11,-0.90625,-0.703125,,-0.5,-0.46875,,1.453125,1.8125,,1.515625,1.921875,,0.90625,0.703125,,0.5,0.46875,,1.453125,1.8125,,1.515625,1.921875,,24.453125,25.3125,,24.703125,25.09375,,25.25,24.609375,,25.03125,24.765625,,25.359375,26.015625,,25.203125,25.5625,,26.703125,26.421875,,26.546875,26.6875,
llama3.2-1b,useEffect,both,pair_12,-1.6875,-0.140625,,-0.25,0.59375,,0.734375,1.953125,,0.734375,1.4375,,1.6875,0.140625,,0.25,-0.59375,,0.734375,1.953125,,0.734375,1.4375,,23.421875,24.75,,24.796875,25.0625,,24.890625,23.53125,,24.703125,23.96875,,25.109375,24.890625,,25.046875,24.46875,,25.625,25.484375,,25.4375,25.40625,
llama3.2-1b,useEffect,both,pair_13,-1.65625,-0.90625,,-0.59375,-0.03125,,0.578125,1.078125,,-0.328125,0.5,,1.65625,0.90625,,0.59375,0.03125,,0.578125,1.078125,,-0.328125,0.5,,24.8125,25.71875,,25.8125,26.25,,25.84375,25.078125,,26.28125,25.796875,,26.46875,26.625,,26.40625,26.28125,,26.421875,26.15625,,25.953125,26.296875,
llama3.2-1b,useEffect,both,pair_14,-0.328125,0.84375,,0.265625,0.90625,,1.359375,1.796875,,0.875,1.546875,,0.328125,-0.84375,,-0.265625,-0.90625,,1.359375,1.796875,,0.875,1.546875,,26.203125,27.296875,,26.734375,27.265625,,25.796875,25.5625,,26.234375,26.046875,,26.53125,26.453125,,26.46875,26.359375,,27.15625,27.359375,,27.109375,27.59375,
llama3.2-1b,useEffect,both,pair_15,-0.15625,1.109375,,-0.046875,1.625,,1.640625,2.390625,,1.4375,2.46875,,0.15625,-1.109375,,0.046875,-1.625,,1.640625,2.390625,,1.4375,2.46875,,25.84375,26.84375,,26.03125,26.703125,,24.9375,23.859375,,24.953125,24.015625,,26.0,25.734375,,26.078125,25.078125,,26.578125,26.25,,26.390625,26.484375,
llama3.2-1b,useEffect,both,pair_16,-2.671875,-0.890625,,-2.375,-1.21875,,0.53125,1.640625,,0.515625,1.09375,,2.671875,0.890625,,2.375,1.21875,,0.53125,1.640625,,0.515625,1.09375,,24.1875,25.921875,,24.640625,25.390625,,25.875,24.375,,25.859375,24.984375,,26.859375,26.8125,,27.015625,26.609375,,26.40625,26.015625,,26.375,26.078125,
llama3.2-1b,useEffect,both,pair_17,-2.0625,-0.703125,,-1.390625,-0.34375,,1.671875,2.671875,,1.46875,2.296875,,2.0625,0.703125,,1.390625,0.34375,,1.671875,2.671875,,1.46875,2.296875,,24.453125,25.875,,25.203125,26.15625,,25.046875,23.84375,,25.125,24.4375,,26.515625,26.578125,,26.59375,26.5,,26.71875,26.515625,,26.59375,26.734375,
llama3.2-1b,useEffect,both,pair_18,-0.953125,0.09375,,0.234375,1.796875,,0.890625,1.640625,,-0.234375,1.0,,0.953125,-0.09375,,-0.234375,-1.796875,,0.890625,1.640625,,-0.234375,1.0,,25.328125,26.40625,,26.171875,26.8125,,25.640625,24.625,,26.0,25.21875,,26.28125,26.3125,,25.9375,25.015625,,26.53125,26.265625,,25.765625,26.21875,
llama3.2-1b,useEffect,both,pair_19,-0.953125,0.65625,,0.5,1.046875,,2.03125,2.96875,,1.640625,2.578125,,0.953125,-0.65625,,-0.5,-1.046875,,2.03125,2.96875,,1.640625,2.578125,,24.34375,25.796875,,25.375,25.65625,,24.78125,23.734375,,24.90625,24.1875,,25.296875,25.140625,,24.875,24.609375,,26.8125,26.703125,,26.546875,26.765625,
llama3.2-1b,useEffect,both,pair_20,-2.375,-0.984375,,-1.1875,-0.4375,,0.046875,0.84375,,-0.90625,0.484375,,2.375,0.984375,,1.1875,0.4375,,0.046875,0.84375,,-0.90625,0.484375,,23.75,25.203125,,24.921875,25.625,,25.578125,24.59375,,25.828125,24.984375,,26.125,26.1875,,26.109375,26.0625,,25.625,25.4375,,24.921875,25.46875,
llama3.2-1b,useEffect,both,pair_21,-1.09375,0.46875,,-0.375,0.875,,2.28125,2.078125,,1.96875,1.5,,1.09375,-0.46875,,0.375,-0.875,,2.28125,2.078125,,1.96875,1.5,,24.546875,25.8125,,25.078125,25.578125,,23.9375,23.578125,,24.015625,24.0625,,25.640625,25.34375,,25.453125,24.703125,,26.21875,25.65625,,25.984375,25.5625,
llama3.2-1b,useEffect,both,pair_22,-0.34375,-0.03125,,0.171875,0.15625,,0.984375,1.828125,,0.609375,0.890625,,0.34375,0.03125,,-0.171875,-0.15625,,0.984375,1.828125,,0.609375,0.890625,,26.296875,27.03125,,26.75,26.953125,,26.25,25.515625,,26.421875,26.515625,,26.640625,27.0625,,26.578125,26.796875,,27.234375,27.34375,,27.03125,27.40625,
llama3.2-1b,useEffect,both,pair_23,-1.359375,0.140625,,-0.953125,1.09375,,1.796875,2.421875,,1.359375,2.234375,,1.359375,-0.140625,,0.953125,-1.09375,,1.796875,2.421875,,1.359375,2.234375,,24.484375,25.578125,,24.921875,25.53125,,24.359375,23.09375,,24.578125,23.375,,25.84375,25.4375,,25.875,24.4375,,26.15625,25.515625,,25.9375,25.609375,
llama3.2-1b,useEffect,both,pair_24,-1.5625,-0.59375,,-1.03125,-0.421875,,1.1875,2.5625,,0.84375,2.34375,,1.5625,0.59375,,1.03125,0.421875,,1.1875,2.5625,,0.84375,2.34375,,24.765625,25.875,,25.296875,25.875,,24.3125,22.65625,,24.140625,22.84375,,26.328125,26.46875,,26.328125,26.296875,,25.5,25.21875,,24.984375,25.1875,
llama3.2-1b,useEffect,both,pair_25,-2.15625,-0.78125,,-1.125,-0.3125,,0.859375,1.6875,,0.828125,1.5625,,2.15625,0.78125,,1.125,0.3125,,0.859375,1.6875,,0.828125,1.5625,,23.390625,25.078125,,24.140625,24.96875,,25.15625,24.3125,,25.0,24.65625,,25.546875,25.859375,,25.265625,25.28125,,26.015625,26.0,,25.828125,26.21875,
llama3.2-1b,useEffect,both,pair_26,-2.015625,-1.25,,-1.015625,-0.6875,,-0.0625,0.6875,,-0.78125,0.515625,,2.015625,1.25,,1.015625,0.6875,,-0.0625,0.6875,,-0.78125,0.515625,,24.171875,25.28125,,25.125,25.703125,,25.640625,24.859375,,26.015625,25.171875,,26.1875,26.53125,,26.140625,26.390625,,25.578125,25.546875,,25.234375,25.6875,
llama3.2-1b,useEffect,both,pair_27,1.0,0.828125,,1.4375,1.484375,,2.6875,2.09375,,2.609375,2.203125,,-1.0,-0.828125,,-1.4375,-1.484375,,2.6875,2.09375,,2.609375,2.203125,,26.1875,26.359375,,26.40625,26.390625,,24.796875,24.53125,,24.734375,24.71875,,25.1875,25.53125,,24.96875,24.90625,,27.484375,26.625,,27.34375,26.921875,
llama3.2-1b,useEffect,both,pair_28,-0.8125,0.390625,,-0.125,1.171875,,0.890625,2.8125,,0.0,2.265625,,0.8125,-0.390625,,0.125,-1.171875,,0.890625,2.8125,,0.0,2.265625,,25.609375,26.90625,,26.328125,27.125,,26.15625,24.5,,26.46875,25.1875,,26.421875,26.515625,,26.453125,25.953125,,27.046875,27.3125,,26.46875,27.453125,
llama3.2-1b,useEffect,both,pair_29,-1.21875,0.546875,,-0.59375,0.921875,,0.625,2.34375,,0.625,1.90625,,1.21875,-0.546875,,0.59375,-0.921875,,0.625,2.34375,,0.625,1.90625,,25.453125,26.796875,,26.109375,26.90625,,26.078125,24.765625,,25.90625,25.296875,,26.671875,26.25,,26.703125,25.984375,,26.703125,27.109375,,26.53125,27.203125,
llama3.2-1b,useEffect,both,pair_30,0.640625,0.53125,,1.0,0.828125,,1.578125,0.796875,,1.109375,0.53125,,-0.640625,-0.53125,,-1.0,-0.828125,,1.578125,0.796875,,1.109375,0.53125,,26.59375,26.90625,,26.75,26.84375,,25.125,25.78125,,25.515625,26.0,,25.953125,26.375,,25.75,26.015625,,26.703125,26.578125,,26.625,26.53125,
llama3.2-1b,useEffect,both,pair_31,-3.03125,-0.625,,-2.03125,0.59375,,0.3125,1.859375,,-0.140625,1.234375,,3.03125,0.625,,2.03125,-0.59375,,0.3125,1.859375,,-0.140625,1.234375,,23.578125,25.390625,,24.421875,25.578125,,25.03125,23.296875,,25.125,24.03125,,26.609375,26.015625,,26.453125,24.984375,,25.34375,25.15625,,24.984375,25.265625,
llama3.2-1b,useEffect,both,pair_32,-0.09375,1.25,,-0.0625,1.734375,,1.65625,2.34375,,1.640625,2.515625,,0.09375,-1.25,,0.0625,-1.734375,,1.65625,2.34375,,1.640625,2.515625,,26.046875,26.84375,,26.078125,26.640625,,24.859375,23.734375,,24.90625,23.96875,,26.140625,25.59375,,26.140625,24.90625,,26.515625,26.078125,,26.546875,26.484375,
llama3.2-1b,useEffect,both,pair_33,-2.640625,-1.078125,,-1.78125,-0.8125,,0.546875,1.46875,,-0.234375,1.203125,,2.640625,1.078125,,1.78125,0.8125,,0.546875,1.46875,,-0.234375,1.203125,,23.53125,25.5,,24.46875,25.8125,,25.828125,24.984375,,26.140625,25.390625,,26.171875,26.578125,,26.25,26.625,,26.375,26.453125,,25.90625,26.59375,
llama3.2-1b,useEffect,both,pair_34,-1.078125,0.578125,,0.296875,0.546875,,1.46875,1.875,,1.265625,1.5625,,1.078125,-0.578125,,-0.296875,-0.546875,,1.46875,1.875,,1.265625,1.5625,,23.921875,25.28125,,25.046875,24.953125,,24.828125,24.015625,,24.875,24.25,,25.0,24.703125,,24.75,24.40625,,26.296875,25.890625,,26.140625,25.8125,
llama3.2-1b,useEffect,both,pair_35,0.171875,-0.015625,,0.75,0.375,,2.4375,2.359375,,2.078125,2.25,,-0.171875,0.015625,,-0.75,-0.375,,2.4375,2.359375,,2.078125,2.25,,24.96875,25.28125,,25.34375,25.15625,,24.203125,23.890625,,24.5625,24.3125,,24.796875,25.296875,,24.59375,24.78125,,26.640625,26.25,,26.640625,26.5625,
llama3.2-1b,useEffect,both,pair_36,-2.421875,-0.40625,,-1.953125,0.25,,0.609375,1.78125,,0.46875,0.765625,,2.421875,0.40625,,1.953125,-0.25,,0.609375,1.78125,,0.46875,0.765625,,24.328125,25.9375,,24.875,25.953125,,25.09375,23.71875,,25.015625,24.578125,,26.75,26.34375,,26.828125,25.703125,,25.703125,25.5,,25.484375,25.34375,
llama3.2-1b,useEffect,both,pair_37,-2.171875,-0.640625,,-0.9375,0.03125,,0.1875,0.765625,,-0.46875,0.5,,2.171875,0.640625,,0.9375,-0.03125,,0.1875,0.765625,,-0.46875,0.5,,24.015625,25.34375,,25.21875,25.671875,,25.6875,24.5,,25.8125,24.765625,,26.1875,25.984375,,26.15625,25.640625,,25.875,25.265625,,25.34375,25.265625,
llama3.2-1b,useEffect,both,pair_38,-0.796875,-0.296875,,-0.40625,-0.09375,,1.71875,1.890625,,1.828125,1.28125,,0.796875,0.296875,,0.40625,0.09375,,1.71875,1.890625,,1.828125,1.28125,,25.46875,26.375,,25.640625,26.203125,,24.71875,24.546875,,24.71875,25.34375,,26.265625,26.671875,,26.046875,26.296875,,26.4375,26.4375,,26.546875,26.625,
llama3.2-1b,useEffect,both,pair_39,-1.328125,-1.28125,,-0.96875,-0.8125,,1.203125,1.65625,,0.890625,2.046875,,1.328125,1.28125,,0.96875,0.8125,,1.203125,1.65625,,0.890625,2.046875,,24.78125,25.828125,,25.296875,25.78125,,24.59375,23.46875,,24.484375,23.09375,,26.109375,27.109375,,26.265625,26.59375,,25.796875,25.125,,25.375,25.140625,
llama3.2-1b,useEffect,both,pair_40,-1.375,0.34375,,-0.3125,0.71875,,1.40625,3.03125,,0.921875,2.625,,1.375,-0.34375,,0.3125,-0.71875,,1.40625,3.03125,,0.921875,2.625,,24.515625,25.703125,,25.40625,25.84375,,24.359375,22.484375,,24.328125,22.9375,,25.890625,25.359375,,25.71875,25.125,,25.765625,25.515625,,25.25,25.5625,
llama3.2-1b,useEffect,both,pair_41,-0.671875,1.078125,,0.171875,1.78125,,0.84375,2.5625,,0.109375,1.953125,,0.671875,-1.078125,,-0.171875,-1.78125,,0.84375,2.5625,,0.109375,1.953125,,24.734375,26.484375,,25.796875,26.78125,,25.71875,24.546875,,25.859375,25.25,,25.40625,25.40625,,25.625,25.0,,26.5625,27.109375,,25.96875,27.203125,
llama3.2-1b,useEffect,both,pair_42,-0.796875,0.6875,,-0.140625,1.15625,,1.90625,1.828125,,1.578125,1.578125,,0.796875,-0.6875,,0.140625,-1.15625,,1.90625,1.828125,,1.578125,1.578125,,24.375,25.484375,,24.921875,25.328125,,24.453125,23.84375,,24.546875,24.15625,,25.171875,24.796875,,25.0625,24.171875,,26.359375,25.671875,,26.125,25.734375,
llama3.2-1b,useEffect,both,pair_43,-0.140625,-0.328125,,-0.21875,-0.28125,,1.703125,1.21875,,1.625,0.6875,,0.140625,0.328125,,0.21875,0.28125,,1.703125,1.21875,,1.625,0.6875,,26.46875,26.5,,26.609375,26.5625,,25.484375,25.421875,,25.5625,26.03125,,26.609375,26.828125,,26.828125,26.84375,,27.1875,26.640625,,27.1875,26.71875,
llama3.2-1b,useEffect,both,pair_44,-2.140625,0.234375,,-1.125,1.21875,,0.234375,1.34375,,-0.25,0.6875,,2.140625,-0.234375,,1.125,-1.21875,,0.234375,1.34375,,-0.25,0.6875,,24.703125,26.671875,,25.875,26.890625,,26.0,24.90625,,26.03125,25.546875,,26.84375,26.4375,,27.0,25.671875,,26.234375,26.25,,25.78125,26.234375,
llama3.2-1b,useEffect,both,pair_45,-0.125,1.4375,,0.578125,1.84375,,1.34375,3.78125,,0.9375,2.828125,,0.125,-1.4375,,-0.578125,-1.84375,,1.34375,3.78125,,0.9375,2.828125,,26.046875,26.875,,26.671875,27.0625,,25.515625,23.34375,,25.625,24.390625,,26.171875,25.4375,,26.09375,25.21875,,26.859375,27.125,,26.5625,27.21875,
llama3.2-1b,useEffect,control_only,pair_01,,,1.953125,,,1.6875,,,-1.0625,,,-0.75,,,-1.953125,,,-1.6875,,,-1.0625,,,-0.75,,,26.234375,,,26.109375,,,25.0625,,,25.28125,,,24.28125,,,24.421875,,,24.0,,,24.53125
llama3.2-1b,useEffect,control_only,pair_02,,,3.921875,,,3.5625,,,-2.0,,,-1.53125,,,-3.921875,,,-3.5625,,,-2.0,,,-1.53125,,,26.484375,,,26.671875,,,25.78125,,,25.796875,,,22.5625,,,23.109375,,,23.78125,,,24.265625
llama3.2-1b,useEffect,control_only,pair_03,,,2.65625,,,2.21875,,,0.296875,,,0.46875,,,-2.65625,,,-2.21875,,,0.296875,,,0.46875,,,26.21875,,,26.078125,,,24.28125,,,24.609375,,,23.5625,,,23.859375,,,24.578125,,,25.078125
llama3.2-1b,useEffect,control_only,pair_04,,,1.515625,,,1.796875,,,-1.140625,,,-0.984375,,,-1.515625,,,-1.796875,,,-1.140625,,,-0.984375,,,25.375,,,25.546875,,,25.078125,,,25.125,,,23.859375,,,23.75,,,23.9375,,,24.140625
llama3.2-1b,useEffect,control_only,pair_05,,,2.234375,,,1.859375,,,-1.59375,,,-1.046875,,,-2.234375,,,-1.859375,,,-1.59375,,,-1.046875,,,26.15625,,,26.515625,,,25.6875,,,25.875,,,23.921875,,,24.65625,,,24.09375,,,24.828125
llama3.2-1b,useEffect,control_only,pair_06,,,1.21875,,,0.953125,,,-1.59375,,,-1.78125,,,-1.21875,,,-0.953125,,,-1.59375,,,-1.78125,,,25.34375,,,25.203125,,,25.546875,,,25.765625,,,24.125,,,24.25,,,23.953125,,,23.984375
llama3.2-1b,useEffect,control_only,pair_07,,,1.15625,,,0.6875,,,-1.671875,,,-1.640625,,,-1.15625,,,-0.6875,,,-1.671875,,,-1.640625,,,25.609375,,,25.390625,,,25.0,,,25.140625,,,24.453125,,,24.703125,,,23.328125,,,23.5
llama3.2-1b,useEffect,control_only,pair_08,,,1.609375,,,1.078125,,,-3.25,,,-3.765625,,,-1.609375,,,-1.078125,,,-3.25,,,-3.765625,,,25.640625,,,25.484375,,,26.140625,,,26.46875,,,24.03125,,,24.40625,,,22.890625,,,22.703125
llama3.2-1b,useEffect,control_only,pair_09,,,1.90625,,,1.390625,,,-2.375,,,-2.46875,,,-1.90625,,,-1.390625,,,-2.375,,,-2.46875,,,26.015625,,,25.78125,,,25.84375,,,25.625,,,24.109375,,,24.390625,,,23.46875,,,23.15625
llama3.2-1b,useEffect,control_only,pair_10,,,0.9375,,,0.96875,,,-2.078125,,,-1.859375,,,-0.9375,,,-0.96875,,,-2.078125,,,-1.859375,,,25.21875,,,25.21875,,,25.15625,,,25.171875,,,24.28125,,,24.25,,,23.078125,,,23.3125
llama3.2-1b,useEffect,control_only,pair_11,,,1.53125,,,1.328125,,,-0.171875,,,0.046875,,,-1.53125,,,-1.328125,,,-0.171875,,,0.046875,,,25.234375,,,25.09375,,,25.140625,,,25.0,,,23.703125,,,23.765625,,,24.96875,,,25.046875
llama3.2-1b,useEffect,control_only,pair_12,,,1.734375,,,1.84375,,,-1.015625,,,-0.59375,,,-1.734375,,,-1.84375,,,-1.015625,,,-0.59375,,,24.765625,,,24.84375,,,24.625,,,24.328125,,,23.03125,,,23.0,,,23.609375,,,23.734375
llama3.2-1b,useEffect,control_only,pair_13,,,1.0625,,,1.828125,,,-2.4375,,,-2.703125,,,-1.0625,,,-1.828125,,,-2.4375,,,-2.703125,,,25.765625,,,26.140625,,,26.140625,,,26.5,,,24.703125,,,24.3125,,,23.703125,,,23.796875
llama3.2-1b,useEffect,control_only,pair_14,,,2.3125,,,1.953125,,,-1.546875,,,-1.3125,,,-2.3125,,,-1.953125,,,-1.546875,,,-1.3125,,,27.09375,,,27.109375,,,26.375,,,26.46875,,,24.78125,,,25.15625,,,24.828125,,,25.15625
llama3.2-1b,useEffect,control_only,pair_15,,,3.1875,,,2.796875,,,-0.046875,,,-0.140625,,,-3.1875,,,-2.796875,,,-0.046875,,,-0.140625,,,26.140625,,,26.0625,,,24.421875,,,24.78125,,,22.953125,,,23.265625,,,24.375,,,24.640625
llama3.2-1b,useEffect,control_only,pair_16,,,1.71875,,,0.765625,,,-0.90625,,,-0.90625,,,-1.71875,,,-0.765625,,,-0.90625,,,-0.90625,,,26.015625,,,25.484375,,,25.296875,,,25.5,,,24.296875,,,24.71875,,,24.390625,,,24.59375
llama3.2-1b,useEffect,control_only,pair_17,,,1.9375,,,2.546875,,,-0.71875,,,-0.34375,,,-1.9375,,,-2.546875,,,-0.71875,,,-0.34375,,,25.671875,,,25.984375,,,25.25,,,25.109375,,,23.734375,,,23.4375,,,24.53125,,,24.765625
llama3.2-1b,useEffect,control_only,pair_18,,,2.765625,,,2.921875,,,-2.21875,,,-2.21875,,,-2.765625,,,-2.921875,,,-2.21875,,,-2.21875,,,26.59375,,,26.609375,,,25.625,,,25.8125,,,23.828125,,,23.6875,,,23.40625,,,23.59375
llama3.2-1b,useEffect,control_only,pair_19,,,2.546875,,,2.34375,,,0.1875,,,-0.171875,,,-2.546875,,,-2.34375,,,0.1875,,,-0.171875,,,25.671875,,,25.53125,,,24.609375,,,24.75,,,23.125,,,23.1875,,,24.796875,,,24.578125
llama3.2-1b,useEffect,control_only,pair_20,,,0.890625,,,0.796875,,,-3.21875,,,-2.96875,,,-0.890625,,,-0.796875,,,-3.21875,,,-2.96875,,,25.0,,,25.234375,,,25.734375,,,25.921875,,,24.109375,,,24.4375,,,22.515625,,,22.953125
llama3.2-1b,useEffect,control_only,pair_21,,,2.375,,,1.8125,,,0.09375,,,-0.15625,,,-2.375,,,-1.8125,,,0.09375,,,-0.15625,,,25.5,,,25.09375,,,24.125,,,24.15625,,,23.125,,,23.28125,,,24.21875,,,24.0
llama3.2-1b,useEffect,control_only,pair_22,,,2.0,,,1.1875,,,-1.71875,,,-1.78125,,,-2.0,,,-1.1875,,,-1.71875,,,-1.78125,,,26.875,,,26.84375,,,26.609375,,,26.796875,,,24.875,,,25.65625,,,24.890625,,,25.015625
llama3.2-1b,useEffect,control_only,pair_23,,,2.046875,,,1.796875,,,-0.921875,,,-1.53125,,,-2.046875,,,-1.796875,,,-0.921875,,,-1.53125,,,25.1875,,,24.984375,,,24.28125,,,24.765625,,,23.140625,,,23.1875,,,23.359375,,,23.234375
llama3.2-1b,useEffect,control_only,pair_24,,,2.359375,,,2.125,,,-1.046875,,,-0.734375,,,-2.359375,,,-2.125,,,-1.046875,,,-0.734375,,,25.4375,,,25.421875,,,24.4375,,,24.109375,,,23.078125,,,23.296875,,,23.390625,,,23.375
llama3.2-1b,useEffect,control_only,pair_25,,,1.53125,,,1.46875,,,-0.8125,,,-0.578125,,,-1.53125,,,-1.46875,,,-0.8125,,,-0.578125,,,25.328125,,,25.1875,,,24.953125,,,24.8125,,,23.796875,,,23.71875,,,24.140625,,,24.234375
llama3.2-1b,useEffect,control_only,pair_26,,,0.875,,,1.4375,,,-2.8125,,,-2.6875,,,-0.875,,,-1.4375,,,-2.8125,,,-2.6875,,,25.046875,,,25.421875,,,25.9375,,,26.1875,,,24.171875,,,23.984375,,,23.125,,,23.5
llama3.2-1b,useEffect,control_only,pair_27,,,2.4375,,,2.5,,,0.078125,,,0.453125,,,-2.4375,,,-2.5,,,0.078125,,,0.453125,,,25.84375,,,26.0,,,24.84375,,,24.796875,,,23.40625,,,23.5,,,24.921875,,,25.25
llama3.2-1b,useEffect,control_only,pair_28,,,2.5,,,2.234375,,,-1.34375,,,-1.0625,,,-2.5,,,-2.234375,,,-1.34375,,,-1.0625,,,27.015625,,,26.984375,,,25.796875,,,25.96875,,,24.515625,,,24.75,,,24.453125,,,24.90625
llama3.2-1b,useEffect,control_only,pair_29,,,3.0625,,,2.09375,,,-1.390625,,,-0.6875,,,-3.0625,,,-2.09375,,,-1.390625,,,-0.6875,,,26.609375,,,26.734375,,,26.1875,,,25.9375,,,23.546875,,,24.640625,,,24.796875,,,25.25
llama3.2-1b,useEffect,control_only,pair_30,,,2.3125,,,2.09375,,,-1.71875,,,-1.6875,,,-2.3125,,,-2.09375,,,-1.71875,,,-1.6875,,,26.65625,,,26.59375,,,25.9375,,,26.125,,,24.34375,,,24.5,,,24.21875,,,24.4375
llama3.2-1b,useEffect,control_only,pair_31,,,1.671875,,,1.65625,,,-1.96875,,,-2.046875,,,-1.671875,,,-1.65625,,,-1.96875,,,-2.046875,,,25.25,,,25.109375,,,24.96875,,,24.90625,,,23.578125,,,23.453125,,,23.0,,,22.859375
llama3.2-1b,useEffect,control_only,pair_32,,,3.09375,,,2.90625,,,0.125,,,0.078125,,,-3.09375,,,-2.90625,,,0.125,,,0.078125,,,26.171875,,,26.109375,,,24.203125,,,24.640625,,,23.078125,,,23.203125,,,24.328125,,,24.71875
llama3.2-1b,useEffect,control_only,pair_33,,,0.96875,,,1.5625,,,-2.03125,,,-2.125,,,-0.96875,,,-1.5625,,,-2.03125,,,-2.125,,,25.484375,,,25.96875,,,26.03125,,,26.265625,,,24.515625,,,24.40625,,,24.0,,,24.140625
llama3.2-1b,useEffect,control_only,pair_34,,,2.71875,,,2.390625,,,-0.484375,,,-0.203125,,,-2.71875,,,-2.390625,,,-0.484375,,,-0.203125,,,25.375,,,25.03125,,,24.390625,,,24.3125,,,22.65625,,,22.640625,,,23.90625,,,24.109375
llama3.2-1b,useEffect,control_only,pair_35,,,1.75,,,1.765625,,,0.046875,,,0.015625,,,-1.75,,,-1.765625,,,0.046875,,,0.015625,,,24.78125,,,24.78125,,,24.328125,,,24.5625,,,23.03125,,,23.015625,,,24.375,,,24.578125
llama3.2-1b,useEffect,control_only,pair_36,,,2.15625,,,1.46875,,,-1.609375,,,-1.40625,,,-2.15625,,,-1.46875,,,-1.609375,,,-1.40625,,,25.78125,,,25.59375,,,24.984375,,,24.875,,,23.625,,,24.125,,,23.375,,,23.46875
llama3.2-1b,useEffect,control_only,pair_37,,,1.5,,,1.34375,,,-2.328125,,,-2.34375,,,-1.5,,,-1.34375,,,-2.328125,,,-2.34375,,,25.140625,,,25.328125,,,25.578125,,,25.546875,,,23.640625,,,23.984375,,,23.25,,,23.203125
llama3.2-1b,useEffect,control_only,pair_38,,,1.84375,,,1.703125,,,-0.796875,,,-0.84375,,,-1.84375,,,-1.703125,,,-0.796875,,,-0.84375,,,26.1875,,,26.1875,,,25.21875,,,25.4375,,,24.34375,,,24.484375,,,24.421875,,,24.59375
llama3.2-1b,useEffect,control_only,pair_39,,,1.4375,,,1.078125,,,-0.84375,,,-0.984375,,,-1.4375,,,-1.078125,,,-0.84375,,,-0.984375,,,25.0625,,,25.078125,,,24.125,,,24.375,,,23.625,,,24.0,,,23.28125,,,23.390625
llama3.2-1b,useEffect,control_only,pair_40,,,2.609375,,,2.859375,,,-0.828125,,,-0.5,,,-2.609375,,,-2.859375,,,-0.828125,,,-0.5,,,25.203125,,,25.34375,,,24.640625,,,24.390625,,,22.59375,,,22.484375,,,23.8125,,,23.890625
llama3.2-1b,useEffect,control_only,pair_41,,,3.109375,,,2.65625,,,-1.0625,,,-1.03125,,,-3.109375,,,-2.65625,,,-1.0625,,,-1.03125,,,26.609375,,,26.71875,,,25.046875,,,25.25,,,23.5,,,24.0625,,,23.984375,,,24.21875
llama3.2-1b,useEffect,control_only,pair_42,,,2.03125,,,1.859375,,,-0.5625,,,-0.625,,,-2.03125,,,-1.859375,,,-0.5625,,,-0.625,,,24.96875,,,24.75,,,24.0625,,,24.046875,,,22.9375,,,22.890625,,,23.5,,,23.421875
llama3.2-1b,useEffect,control_only,pair_43,,,1.265625,,,1.140625,,,-0.765625,,,-0.703125,,,-1.265625,,,-1.140625,,,-0.765625,,,-0.703125,,,26.40625,,,26.46875,,,25.78125,,,25.734375,,,25.140625,,,25.328125,,,25.015625,,,25.03125
llama3.2-1b,useEffect,control_only,pair_44,,,3.046875,,,2.4375,,,-2.359375,,,-2.109375,,,-3.046875,,,-2.4375,,,-2.359375,,,-2.109375,,,26.5,,,26.609375,,,25.984375,,,26.0625,,,23.453125,,,24.171875,,,23.625,,,23.953125
llama3.2-1b,useEffect,control_only,pair_45,,,4.171875,,,3.5625,,,-1.0,,,-0.328125,,,-4.171875,,,-3.5625,,,-1.0,,,-0.328125,,,26.640625,,,26.984375,,,25.875,,,25.78125,,,22.46875,,,23.421875,,,24.875,,,25.453125
llama3.2-1b,useEffect,neither,pair_01,,,0.609375,,,0.140625,,,0.78125,,,1.75,,,-0.609375,,,-0.140625,,,0.78125,,,1.75,,,25.28125,,,24.8125,,,23.84375,,,23.125,,,24.671875,,,24.671875,,,24.625,,,24.875
llama3.2-1b,useEffect,neither,pair_02,,,0.96875,,,0.796875,,,0.8125,,,1.328125,,,-0.96875,,,-0.796875,,,0.8125,,,1.328125,,,24.921875,,,24.46875,,,22.8125,,,22.1875,,,23.953125,,,23.671875,,,23.625,,,23.515625
llama3.2-1b,useEffect,neither,pair_03,,,0.546875,,,0.515625,,,2.65625,,,2.75,,,-0.546875,,,-0.515625,,,2.65625,,,2.75,,,23.765625,,,23.46875,,,21.9375,,,21.890625,,,23.21875,,,22.953125,,,24.59375,,,24.640625
llama3.2-1b,useEffect,neither,pair_04,,,-0.359375,,,0.109375,,,1.859375,,,2.15625,,,0.359375,,,-0.109375,,,1.859375,,,2.15625,,,23.140625,,,23.125,,,22.59375,,,22.296875,,,23.5,,,23.015625,,,24.453125,,,24.453125
llama3.2-1b,useEffect,neither,pair_05,,,-0.15625,,,-0.625,,,0.671875,,,1.25,,,0.15625,,,0.625,,,0.671875,,,1.25,,,24.53125,,,23.96875,,,24.0,,,23.484375,,,24.6875,,,24.59375,,,24.671875,,,24.734375
llama3.2-1b,useEffect,neither,pair_06,,,-0.578125,,,-1.234375,,,1.046875,,,1.03125,,,0.578125,,,1.234375,,,1.046875,,,1.03125,,,23.703125,,,22.875,,,23.59375,,,23.40625,,,24.28125,,,24.109375,,,24.640625,,,24.4375
llama3.2-1b,useEffect,neither,pair_07,,,-1.015625,,,-1.203125,,,0.171875,,,0.4375,,,1.015625,,,1.203125,,,0.171875,,,0.4375,,,23.703125,,,23.34375,,,23.3125,,,22.84375,,,24.71875,,,24.546875,,,23.484375,,,23.28125
llama3.2-1b,useEffect,neither,pair_08,,,-1.265625,,,-1.515625,,,-0.296875,,,-0.359375,,,1.265625,,,1.515625,,,-0.296875,,,-0.359375,,,23.703125,,,23.375,,,24.140625,,,23.953125,,,24.96875,,,24.890625,,,23.84375,,,23.59375
llama3.2-1b,useEffect,neither,pair_09,,,-1.515625,,,-0.890625,,,0.40625,,,0.828125,,,1.515625,,,0.890625,,,0.40625,,,0.828125,,,23.625,,,23.65625,,,23.34375,,,22.53125,,,25.140625,,,24.546875,,,23.75,,,23.359375
llama3.2-1b,useEffect,neither,pair_10,,,-1.5,,,-1.640625,,,0.34375,,,0.671875,,,1.5,,,1.640625,,,0.34375,,,0.671875,,,22.984375,,,22.578125,,,22.828125,,,22.390625,,,24.484375,,,24.21875,,,23.171875,,,23.0625
llama3.2-1b,useEffect,neither,pair_11,,,-1.21875,,,-1.5625,,,2.09375,,,2.4375,,,1.21875,,,1.5625,,,2.09375,,,2.4375,,,22.40625,,,21.59375,,,22.609375,,,22.125,,,23.625,,,23.15625,,,24.703125,,,24.5625
llama3.2-1b,useEffect,neither,pair_12,,,-0.359375,,,-0.328125,,,1.125,,,1.71875,,,0.359375,,,0.328125,,,1.125,,,1.71875,,,22.65625,,,22.484375,,,22.25,,,21.53125,,,23.015625,,,22.8125,,,23.375,,,23.25
llama3.2-1b,useEffect,neither,pair_13,,,-0.390625,,,-0.234375,,,0.4375,,,0.59375,,,0.390625,,,0.234375,,,0.4375,,,0.59375,,,24.25,,,24.140625,,,24.109375,,,23.96875,,,24.640625,,,24.375,,,24.546875,,,24.5625
llama3.2-1b,useEffect,neither,pair_14,,,0.484375,,,0.21875,,,0.484375,,,1.265625,,,-0.484375,,,-0.21875,,,0.484375,,,1.265625,,,25.140625,,,24.703125,,,24.359375,,,23.421875,,,24.65625,,,24.484375,,,24.84375,,,24.6875
llama3.2-1b,useEffect,neither,pair_15,,,0.90625,,,0.828125,,,3.234375,,,4.1875,,,-0.90625,,,-0.828125,,,3.234375,,,4.1875,,,24.84375,,,24.40625,,,21.453125,,,20.734375,,,23.9375,,,23.578125,,,24.6875,,,24.921875
llama3.2-1b,useEffect,neither,pair_16,,,-0.546875,,,-1.515625,,,2.015625,,,2.40625,,,0.546875,,,1.515625,,,2.015625,,,2.40625,,,24.453125,,,23.21875,,,22.21875,,,21.640625,,,25.0,,,24.734375,,,24.234375,,,24.046875
llama3.2-1b,useEffect,neither,pair_17,,,-0.015625,,,0.109375,,,2.5,,,2.9375,,,0.015625,,,-0.109375,,,2.5,,,2.9375,,,24.03125,,,23.90625,,,22.171875,,,21.78125,,,24.046875,,,23.796875,,,24.671875,,,24.71875
llama3.2-1b,useEffect,neither,pair_18,,,-0.25,,,0.5,,,-0.078125,,,0.34375,,,0.25,,,-0.5,,,-0.078125,,,0.34375,,,24.453125,,,24.546875,,,23.953125,,,23.421875,,,24.703125,,,24.046875,,,23.875,,,23.765625
llama3.2-1b,useEffect,neither,pair_19,,,0.53125,,,0.4375,,,2.5,,,2.234375,,,-0.53125,,,-0.4375,,,2.5,,,2.234375,,,23.75,,,23.21875,,,22.6875,,,22.515625,,,23.21875,,,22.78125,,,25.1875,,,24.75
llama3.2-1b,useEffect,neither,pair_20,,,-1.78125,,,-1.59375,,,-0.375,,,-0.34375,,,1.78125,,,1.59375,,,-0.375,,,-0.34375,,,22.734375,,,22.90625,,,23.890625,,,23.59375,,,24.515625,,,24.5,,,23.515625,,,23.25
llama3.2-1b,useEffect,neither,pair_21,,,-0.3125,,,-0.46875,,,3.21875,,,2.875,,,0.3125,,,0.46875,,,3.21875,,,2.875,,,23.5625,,,22.890625,,,20.984375,,,21.046875,,,23.875,,,23.359375,,,24.203125,,,23.921875
llama3.2-1b,useEffect,neither,pair_22,,,0.078125,,,-0.65625,,,0.109375,,,0.8125,,,-0.078125,,,0.65625,,,0.109375,,,0.8125,,,25.34375,,,24.5625,,,25.0625,,,24.234375,,,25.265625,,,25.21875,,,25.171875,,,25.046875
llama3.2-1b,useEffect,neither,pair_23,,,-0.828125,,,-0.953125,,,2.15625,,,2.46875,,,0.828125,,,0.953125,,,2.15625,,,2.46875,,,22.96875,,,22.578125,,,21.4375,,,21.109375,,,23.796875,,,23.53125,,,23.59375,,,23.578125
llama3.2-1b,useEffect,neither,pair_24,,,-0.1875,,,-0.578125,,,1.671875,,,2.078125,,,0.1875,,,0.578125,,,1.671875,,,2.078125,,,23.609375,,,23.140625,,,21.5,,,20.828125,,,23.796875,,,23.71875,,,23.171875,,,22.90625
llama3.2-1b,useEffect,neither,pair_25,,,-1.171875,,,-1.25,,,1.5625,,,2.3125,,,1.171875,,,1.25,,,1.5625,,,2.3125,,,22.5,,,22.0,,,22.828125,,,21.921875,,,23.671875,,,23.25,,,24.390625,,,24.234375
llama3.2-1b,useEffect,neither,pair_26,,,-1.734375,,,-1.25,,,-0.734375,,,-0.625,,,1.734375,,,1.25,,,-0.734375,,,-0.625,,,22.84375,,,23.0,,,24.0,,,23.796875,,,24.578125,,,24.25,,,23.265625,,,23.171875
llama3.2-1b,useEffect,neither,pair_27,,,0.859375,,,0.71875,,,1.96875,,,2.546875,,,-0.859375,,,-0.71875,,,1.96875,,,2.546875,,,24.203125,,,23.84375,,,22.8125,,,22.125,,,23.34375,,,23.125,,,24.78125,,,24.671875
llama3.2-1b,useEffect,neither,pair_28,,,0.09375,,,0.1875,,,0.53125,,,1.203125,,,-0.09375,,,-0.1875,,,0.53125,,,1.203125,,,24.984375,,,24.703125,,,24.28125,,,23.625,,,24.890625,,,24.515625,,,24.8125,,,24.828125
llama3.2-1b,useEffect,neither,pair_29,,,0.3125,,,-0.625,,,0.625,,,2.375,,,-0.3125,,,0.625,,,0.625,,,2.375,,,25.34375,,,24.5,,,24.4375,,,22.734375,,,25.03125,,,25.125,,,25.0625,,,25.109375
llama3.2-1b,useEffect,neither,pair_30,,,0.5625,,,0.6875,,,0.140625,,,0.734375,,,-0.5625,,,-0.6875,,,0.140625,,,0.734375,,,25.0,,,24.765625,,,24.1875,,,23.15625,,,24.4375,,,24.078125,,,24.328125,,,23.890625
llama3.2-1b,useEffect,neither,pair_31,,,-0.78125,,,-0.359375,,,1.25,,,1.203125,,,0.78125,,,0.359375,,,1.25,,,1.203125,,,23.3125,,,23.078125,,,22.0,,,21.8125,,,24.09375,,,23.4375,,,23.25,,,23.015625
llama3.2-1b,useEffect,neither,pair_32,,,0.953125,,,1.046875,,,3.15625,,,3.953125,,,-0.953125,,,-1.046875,,,3.15625,,,3.953125,,,24.875,,,24.5,,,21.5,,,20.890625,,,23.921875,,,23.453125,,,24.65625,,,24.84375
llama3.2-1b,useEffect,neither,pair_33,,,-0.90625,,,-0.625,,,0.4375,,,0.5625,,,0.90625,,,0.625,,,0.4375,,,0.5625,,,23.703125,,,23.828125,,,24.1875,,,24.140625,,,24.609375,,,24.453125,,,24.625,,,24.703125
llama3.2-1b,useEffect,neither,pair_34,,,1.40625,,,1.375,,,1.84375,,,2.1875,,,-1.40625,,,-1.375,,,1.84375,,,2.1875,,,24.34375,,,23.65625,,,22.328125,,,21.859375,,,22.9375,,,22.28125,,,24.171875,,,24.046875
llama3.2-1b,useEffect,neither,pair_35,,,-0.109375,,,-0.59375,,,2.1875,,,2.21875,,,0.109375,,,0.59375,,,2.1875,,,2.21875,,,22.890625,,,22.0,,,22.3125,,,22.171875,,,23.0,,,22.59375,,,24.5,,,24.390625
llama3.2-1b,useEffect,neither,pair_36,,,-0.953125,,,-1.8125,,,2.015625,,,2.0,,,0.953125,,,1.8125,,,2.015625,,,2.0,,,23.84375,,,22.84375,,,21.546875,,,21.25,,,24.796875,,,24.65625,,,23.5625,,,23.25
llama3.2-1b,useEffect,neither,pair_37,,,-1.203125,,,-1.25,,,0.140625,,,0.203125,,,1.203125,,,1.25,,,0.140625,,,0.203125,,,22.953125,,,22.890625,,,23.40625,,,23.03125,,,24.15625,,,24.140625,,,23.546875,,,23.234375
llama3.2-1b,useEffect,neither,pair_38,,,-1.34375,,,-0.890625,,,0.984375,,,1.359375,,,1.34375,,,0.890625,,,0.984375,,,1.359375,,,23.53125,,,23.5,,,23.625,,,23.125,,,24.875,,,24.390625,,,24.609375,,,24.484375
llama3.2-1b,useEffect,neither,pair_39,,,-1.0625,,,-1.65625,,,2.25,,,3.359375,,,1.0625,,,1.65625,,,2.25,,,3.359375,,,22.734375,,,22.328125,,,20.765625,,,19.484375,,,23.796875,,,23.984375,,,23.015625,,,22.84375
llama3.2-1b,useEffect,neither,pair_40,,,0.03125,,,-0.0625,,,1.9375,,,1.875,,,-0.03125,,,0.0625,,,1.9375,,,1.875,,,23.546875,,,23.203125,,,21.453125,,,21.265625,,,23.515625,,,23.265625,,,23.390625,,,23.140625
llama3.2-1b,useEffect,neither,pair_41,,,0.828125,,,0.78125,,,1.015625,,,1.90625,,,-0.828125,,,-0.78125,,,1.015625,,,1.90625,,,24.4375,,,24.28125,,,23.671875,,,22.625,,,23.609375,,,23.5,,,24.6875,,,24.53125
llama3.2-1b,useEffect,neither,pair_42,,,-0.265625,,,0.0,,,1.421875,,,1.53125,,,0.265625,,,-0.0,,,1.421875,,,1.53125,,,22.859375,,,22.65625,,,22.25,,,21.78125,,,23.125,,,22.65625,,,23.671875,,,23.3125
llama3.2-1b,useEffect,neither,pair_43,,,-0.234375,,,-0.296875,,,1.03125,,,1.453125,,,0.234375,,,0.296875,,,1.03125,,,1.453125,,,25.0,,,24.734375,,,24.1875,,,23.453125,,,25.234375,,,25.03125,,,25.21875,,,24.90625
llama3.2-1b,useEffect,neither,pair_44,,,-0.71875,,,-0.328125,,,0.15625,,,1.125,,,0.71875,,,0.328125,,,0.15625,,,1.125,,,24.34375,,,24.359375,,,23.59375,,,22.46875,,,25.0625,,,24.6875,,,23.75,,,23.59375
llama3.2-1b,useEffect,neither,pair_45,,,1.6875,,,0.828125,,,1.578125,,,2.703125,,,-1.6875,,,-0.828125,,,1.578125,,,2.703125,,,25.71875,,,24.984375,,,23.546875,,,22.390625,,,24.03125,,,24.15625,,,25.125,,,25.09375
llama3.2-1b,useEffect,target_only,pair_01,,,-1.28125,,,-1.859375,,,2.125,,,3.015625,,,1.28125,,,1.859375,,,2.125,,,3.015625,,,24.890625,,,24.203125,,,23.671875,,,23.265625,,,26.171875,,,26.0625,,,25.796875,,,26.28125
llama3.2-1b,useEffect,target_only,pair_02,,,-1.96875,,,-2.734375,,,4.046875,,,5.109375,,,1.96875,,,2.734375,,,4.046875,,,5.109375,,,24.40625,,,23.84375,,,21.9375,,,21.046875,,,26.375,,,26.578125,,,25.984375,,,26.15625
llama3.2-1b,useEffect,target_only,pair_03,,,-0.859375,,,-1.234375,,,4.71875,,,4.703125,,,0.859375,,,1.234375,,,4.71875,,,4.703125,,,23.921875,,,23.703125,,,22.140625,,,22.375,,,24.78125,,,24.9375,,,26.859375,,,27.078125
llama3.2-1b,useEffect,target_only,pair_04,,,-2.9375,,,-2.59375,,,2.953125,,,2.9375,,,2.9375,,,2.59375,,,2.953125,,,2.9375,,,22.40625,,,22.75,,,23.3125,,,23.390625,,,25.34375,,,25.34375,,,26.265625,,,26.328125
llama3.2-1b,useEffect,target_only,pair_05,,,-1.34375,,,-2.203125,,,2.390625,,,3.1875,,,1.34375,,,2.203125,,,2.390625,,,3.1875,,,24.40625,,,23.890625,,,24.203125,,,23.796875,,,25.75,,,26.09375,,,26.59375,,,26.984375
llama3.2-1b,useEffect,target_only,pair_06,,,-3.0625,,,-4.171875,,,2.953125,,,3.390625,,,3.0625,,,4.171875,,,2.953125,,,3.390625,,,23.09375,,,22.125,,,23.140625,,,22.9375,,,26.15625,,,26.296875,,,26.09375,,,26.328125
llama3.2-1b,useEffect,target_only,pair_07,,,-3.375,,,-4.140625,,,1.765625,,,2.234375,,,3.375,,,4.140625,,,1.765625,,,2.234375,,,23.09375,,,22.25,,,23.5,,,23.25,,,26.46875,,,26.390625,,,25.265625,,,25.484375
llama3.2-1b,useEffect,target_only,pair_08,,,-4.71875,,,-5.703125,,,1.34375,,,1.921875,,,4.71875,,,5.703125,,,1.34375,,,1.921875,,,22.0,,,21.25,,,23.8125,,,23.53125,,,26.71875,,,26.953125,,,25.15625,,,25.453125
llama3.2-1b,useEffect,target_only,pair_09,,,-3.546875,,,-3.8125,,,2.359375,,,3.5,,,3.546875,,,3.8125,,,2.359375,,,3.5,,,23.25,,,23.0,,,23.34375,,,22.203125,,,26.796875,,,26.8125,,,25.703125,,,25.703125
llama3.2-1b,useEffect,target_only,pair_10,,,-3.15625,,,-3.578125,,,2.265625,,,2.84375,,,3.15625,,,3.578125,,,2.265625,,,2.84375,,,23.21875,,,22.96875,,,22.75,,,22.3125,,,26.375,,,26.546875,,,25.015625,,,25.15625
llama3.2-1b,useEffect,target_only,pair_11,,,-2.34375,,,-2.828125,,,3.328125,,,4.1875,,,2.34375,,,2.828125,,,3.328125,,,4.1875,,,22.984375,,,22.46875,,,23.140625,,,22.453125,,,25.328125,,,25.296875,,,26.46875,,,26.640625
llama3.2-1b,useEffect,target_only,pair_12,,,-2.421875,,,-2.53125,,,2.96875,,,3.375,,,2.421875,,,2.53125,,,2.96875,,,3.375,,,22.34375,,,22.515625,,,22.46875,,,22.109375,,,24.765625,,,25.046875,,,25.4375,,,25.484375
llama3.2-1b,useEffect,target_only,pair_13,,,-3.453125,,,-3.375,,,2.140625,,,2.71875,,,3.453125,,,3.375,,,2.140625,,,2.71875,,,23.078125,,,23.34375,,,23.96875,,,23.875,,,26.53125,,,26.71875,,,26.109375,,,26.59375
llama3.2-1b,useEffect,target_only,pair_14,,,-1.515625,,,-2.078125,,,2.6875,,,3.359375,,,1.515625,,,2.078125,,,2.6875,,,3.359375,,,24.9375,,,24.4375,,,24.375,,,23.984375,,,26.453125,,,26.515625,,,27.0625,,,27.34375
llama3.2-1b,useEffect,target_only,pair_15,,,-0.96875,,,-1.53125,,,4.34375,,,4.984375,,,0.96875,,,1.53125,,,4.34375,,,4.984375,,,24.765625,,,24.265625,,,21.859375,,,21.453125,,,25.734375,,,25.796875,,,26.203125,,,26.4375
llama3.2-1b,useEffect,target_only,pair_16,,,-2.59375,,,-4.046875,,,3.375,,,4.421875,,,2.59375,,,4.046875,,,3.375,,,4.421875,,,24.015625,,,22.5625,,,22.578125,,,21.5625,,,26.609375,,,26.609375,,,25.953125,,,25.984375
llama3.2-1b,useEffect,target_only,pair_17,,,-2.75,,,-3.25,,,4.265625,,,4.796875,,,2.75,,,3.25,,,4.265625,,,4.796875,,,23.71875,,,23.5,,,21.9375,,,21.59375,,,26.46875,,,26.75,,,26.203125,,,26.390625
llama3.2-1b,useEffect,target_only,pair_18,,,-2.453125,,,-2.484375,,,2.265625,,,3.40625,,,2.453125,,,2.484375,,,2.265625,,,3.40625,,,23.625,,,23.421875,,,23.671875,,,22.828125,,,26.078125,,,25.90625,,,25.9375,,,26.234375
llama3.2-1b,useEffect,target_only,pair_19,,,-1.9375,,,-2.328125,,,3.953125,,,3.96875,,,1.9375,,,2.328125,,,3.953125,,,3.96875,,,23.125,,,22.65625,,,22.578125,,,22.59375,,,25.0625,,,24.984375,,,26.53125,,,26.5625
llama3.2-1b,useEffect,target_only,pair_20,,,-4.296875,,,-4.96875,,,1.484375,,,2.203125,,,4.296875,,,4.96875,,,1.484375,,,2.203125,,,21.96875,,,21.546875,,,23.828125,,,23.359375,,,26.265625,,,26.515625,,,25.3125,,,25.5625
llama3.2-1b,useEffect,target_only,pair_21,,,-2.953125,,,-3.578125,,,4.265625,,,4.5,,,2.953125,,,3.578125,,,4.265625,,,4.5,,,22.65625,,,21.96875,,,21.28125,,,21.109375,,,25.609375,,,25.546875,,,25.546875,,,25.609375
llama3.2-1b,useEffect,target_only,pair_22,,,-1.53125,,,-2.546875,,,1.8125,,,2.65625,,,1.53125,,,2.546875,,,1.8125,,,2.65625,,,25.1875,,,24.21875,,,25.25,,,24.734375,,,26.71875,,,26.765625,,,27.0625,,,27.390625
llama3.2-1b,useEffect,target_only,pair_23,,,-3.0625,,,-3.890625,,,3.765625,,,4.296875,,,3.0625,,,3.890625,,,3.765625,,,4.296875,,,22.6875,,,21.96875,,,21.796875,,,21.5625,,,25.75,,,25.859375,,,25.5625,,,25.859375
llama3.2-1b,useEffect,target_only,pair_24,,,-2.296875,,,-3.046875,,,4.03125,,,5.1875,,,2.296875,,,3.046875,,,4.03125,,,5.1875,,,24.0625,,,23.546875,,,20.984375,,,19.84375,,,26.359375,,,26.59375,,,25.015625,,,25.03125
llama3.2-1b,useEffect,target_only,pair_25,,,-2.765625,,,-2.984375,,,2.4375,,,3.265625,,,2.765625,,,2.984375,,,2.4375,,,3.265625,,,22.515625,,,22.25,,,23.609375,,,22.984375,,,25.28125,,,25.234375,,,26.046875,,,26.25
llama3.2-1b,useEffect,target_only,pair_26,,,-3.78125,,,-4.015625,,,1.640625,,,2.265625,,,3.78125,,,4.015625,,,1.640625,,,2.265625,,,22.546875,,,22.578125,,,23.734375,,,23.34375,,,26.328125,,,26.59375,,,25.375,,,25.609375
llama3.2-1b,useEffect,target_only,pair_27,,,-1.0,,,-1.265625,,,3.234375,,,3.9375,,,1.0,,,1.265625,,,3.234375,,,3.9375,,,24.171875,,,23.8125,,,23.125,,,22.6875,,,25.171875,,,25.078125,,,26.359375,,,26.625
llama3.2-1b,useEffect,target_only,pair_28,,,-1.109375,,,-1.71875,,,2.828125,,,3.796875,,,1.109375,,,1.71875,,,2.828125,,,3.796875,,,24.875,,,24.3125,,,24.234375,,,23.515625,,,25.984375,,,26.03125,,,27.0625,,,27.3125
llama3.2-1b,useEffect,target_only,pair_29,,,-1.1875,,,-2.234375,,,2.484375,,,4.546875,,,1.1875,,,2.234375,,,2.484375,,,4.546875,,,25.25,,,24.59375,,,24.4375,,,22.609375,,,26.4375,,,26.828125,,,26.921875,,,27.15625
llama3.2-1b,useEffect,target_only,pair_30,,,-2.15625,,,-2.34375,,,2.265625,,,2.9375,,,2.15625,,,2.34375,,,2.265625,,,2.9375,,,24.296875,,,24.0,,,23.875,,,23.375,,,26.453125,,,26.34375,,,26.140625,,,26.3125
llama3.2-1b,useEffect,target_only,pair_31,,,-3.734375,,,-4.40625,,,3.28125,,,4.015625,,,3.734375,,,4.40625,,,3.28125,,,4.015625,,,22.609375,,,22.0,,,21.875,,,21.453125,,,26.34375,,,26.40625,,,25.15625,,,25.46875
llama3.2-1b,useEffect,target_only,pair_32,,,-1.078125,,,-1.453125,,,4.265625,,,4.984375,,,1.078125,,,1.453125,,,4.265625,,,4.984375,,,24.8125,,,24.390625,,,21.8125,,,21.4375,,,25.890625,,,25.84375,,,26.078125,,,26.421875
llama3.2-1b,useEffect,target_only,pair_33,,,-3.359375,,,-3.515625,,,2.25,,,2.78125,,,3.359375,,,3.515625,,,2.25,,,2.78125,,,22.9375,,,23.03125,,,23.984375,,,23.8125,,,26.296875,,,26.546875,,,26.234375,,,26.59375
llama3.2-1b,useEffect,target_only,pair_34,,,-1.0,,,-1.6875,,,3.578125,,,3.75,,,1.0,,,1.6875,,,3.578125,,,3.75,,,23.453125,,,22.859375,,,22.265625,,,22.078125,,,24.453125,,,24.546875,,,25.84375,,,25.828125
llama3.2-1b,useEffect,target_only,pair_35,,,-1.96875,,,-2.84375,,,4.03125,,,4.328125,,,1.96875,,,2.84375,,,4.03125,,,4.328125,,,22.78125,,,21.859375,,,22.046875,,,21.984375,,,24.75,,,24.703125,,,26.078125,,,26.3125
llama3.2-1b,useEffect,target_only,pair_36,,,-3.59375,,,-4.703125,,,3.421875,,,4.265625,,,3.59375,,,4.703125,,,3.421875,,,4.265625,,,23.09375,,,22.203125,,,21.859375,,,21.09375,,,26.6875,,,26.90625,,,25.28125,,,25.359375
llama3.2-1b,useEffect,target_only,pair_37,,,-4.015625,,,-4.46875,,,1.828125,,,2.46875,,,4.015625,,,4.46875,,,1.828125,,,2.46875,,,22.15625,,,21.9375,,,23.484375,,,23.0,,,26.171875,,,26.40625,,,25.3125,,,25.46875
llama3.2-1b,useEffect,target_only,pair_38,,,-3.390625,,,-2.96875,,,2.546875,,,3.0,,,3.390625,,,2.96875,,,2.546875,,,3.0,,,23.34375,,,23.40625,,,23.71875,,,23.5625,,,26.734375,,,26.375,,,26.265625,,,26.5625
llama3.2-1b,useEffect,target_only,pair_39,,,-2.484375,,,-3.203125,,,3.671875,,,5.046875,,,2.484375,,,3.203125,,,3.671875,,,5.046875,,,23.5625,,,22.9375,,,21.390625,,,20.03125,,,26.046875,,,26.140625,,,25.0625,,,25.078125
llama3.2-1b,useEffect,target_only,pair_40,,,-2.578125,,,-3.296875,,,4.296875,,,4.6875,,,2.578125,,,3.296875,,,4.296875,,,4.6875,,,23.3125,,,22.875,,,21.0625,,,20.75,,,25.890625,,,26.171875,,,25.359375,,,25.4375
llama3.2-1b,useEffect,target_only,pair_41,,,-0.609375,,,-1.296875,,,2.890625,,,3.78125,,,0.609375,,,1.296875,,,2.890625,,,3.78125,,,24.125,,,23.75,,,24.03125,,,23.359375,,,24.734375,,,25.046875,,,26.921875,,,27.140625
llama3.2-1b,useEffect,target_only,pair_42,,,-2.3125,,,-2.59375,,,3.203125,,,3.625,,,2.3125,,,2.59375,,,3.203125,,,3.625,,,22.53125,,,22.234375,,,22.390625,,,22.109375,,,24.84375,,,24.828125,,,25.59375,,,25.734375
llama3.2-1b,useEffect,target_only,pair_43,,,-2.140625,,,-2.34375,,,2.203125,,,2.53125,,,2.140625,,,2.34375,,,2.203125,,,2.53125,,,24.609375,,,24.390625,,,24.390625,,,24.234375,,,26.75,,,26.734375,,,26.59375,,,26.765625
llama3.2-1b,useEffect,target_only,pair_44,,,-2.78125,,,-3.015625,,,2.984375,,,4.796875,,,2.78125,,,3.015625,,,2.984375,,,4.796875,,,23.796875,,,23.734375,,,22.921875,,,21.359375,,,26.578125,,,26.75,,,25.90625,,,26.15625
llama3.2-1b,useEffect,target_only,pair_45,,,-0.265625,,,-1.40625,,,3.578125,,,5.09375,,,0.265625,,,1.40625,,,3.578125,,,5.09375,,,25.671875,,,25.078125,,,23.34375,,,22.03125,,,25.9375,,,26.484375,,,26.921875,,,27.125
